title,url,seoName,companyid
Reliance Industries Ltd.,/reliance-industries-ltd/stocks/companyid-13215.cms,reliance-industries-ltd,13215
Indian Oil Corporation Ltd.,/indian-oil-corporation-ltd/stocks/companyid-11924.cms,indian-oil-corporation-ltd,11924
Oil And Natural Gas Corporation Ltd.,/oil-and-natural-gas-corporation-ltd/stocks/companyid-11599.cms,oil-and-natural-gas-corporation-ltd,11599
State Bank of India,/state-bank-of-india/stocks/companyid-11984.cms,state-bank-of-india,11984
Bharat Petroleum Corporation Ltd.,/bharat-petroleum-corporation-ltd/stocks/companyid-11941.cms,bharat-petroleum-corporation-ltd,11941
Hindustan Petroleum Corporation Ltd.,/hindustan-petroleum-corporation-ltd/stocks/companyid-12078.cms,hindustan-petroleum-corporation-ltd,12078
Tata Motors Ltd.,/tata-motors-ltd/stocks/companyid-12934.cms,tata-motors-ltd,12934
Rajesh Exports Ltd.,/rajesh-exports-ltd/stocks/companyid-6650.cms,rajesh-exports-ltd,6650
Tata Consultancy Services Ltd.,/tata-consultancy-services-ltd/stocks/companyid-8345.cms,tata-consultancy-services-ltd,8345
ICICI Bank Ltd.,/icici-bank-ltd/stocks/companyid-9194.cms,icici-bank-ltd,9194
Larsen & Toubro Ltd.,/larsen-toubro-ltd/stocks/companyid-13447.cms,larsen-toubro-ltd,13447
HDFC Bank Ltd.,/hdfc-bank-ltd/stocks/companyid-9195.cms,hdfc-bank-ltd,9195
Tata Steel Ltd.,/tata-steel-ltd/stocks/companyid-12902.cms,tata-steel-ltd,12902
Hindalco Industries Ltd.,/hindalco-industries-ltd/stocks/companyid-13637.cms,hindalco-industries-ltd,13637
NTPC Ltd.,/ntpc-ltd/stocks/companyid-12316.cms,ntpc-ltd,12316
Housing Development Finance Corporation Ltd.,/housing-development-finance-corporation-ltd/stocks/companyid-13640.cms,housing-development-finance-corporation-ltd,13640
Coal India Ltd.,/coal-india-ltd/stocks/companyid-11822.cms,coal-india-ltd,11822
Mahindra & Mahindra Ltd.,/mahindra-mahindra-ltd/stocks/companyid-11898.cms,mahindra-mahindra-ltd,11898
Infosys Ltd.,/infosys-ltd/stocks/companyid-10960.cms,infosys-ltd,10960
Bank of Baroda,/bank-of-baroda/stocks/companyid-12040.cms,bank-of-baroda,12040
Bharti Airtel Ltd.,/bharti-airtel-ltd/stocks/companyid-2718.cms,bharti-airtel-ltd,2718
Vedanta Ltd.,/vedanta-ltd/stocks/companyid-13111.cms,vedanta-ltd,13111
Axis Bank Ltd.,/axis-bank-ltd/stocks/companyid-9175.cms,axis-bank-ltd,9175
Grasim Industries Ltd.,/grasim-industries-ltd/stocks/companyid-13696.cms,grasim-industries-ltd,13696
Maruti Suzuki India Ltd.,/maruti-suzuki-india-ltd/stocks/companyid-11890.cms,maruti-suzuki-india-ltd,11890
GAIL (India) Ltd.,/gail-india-ltd/stocks/companyid-4845.cms,gail-india-ltd,4845
JSW Steel Ltd.,/jsw-steel-ltd/stocks/companyid-8352.cms,jsw-steel-ltd,8352
HCL Technologies Ltd.,/hcl-technologies-ltd/stocks/companyid-4291.cms,hcl-technologies-ltd,4291
Punjab National Bank,/punjab-national-bank/stocks/companyid-11585.cms,punjab-national-bank,11585
Wipro Ltd.,/wipro-ltd/stocks/companyid-12799.cms,wipro-ltd,12799
Motherson Sumi Systems Ltd.,/motherson-sumi-systems-ltd/stocks/companyid-10878.cms,motherson-sumi-systems-ltd,10878
Steel Authority of India (SAIL) Ltd.,/steel-authority-of-india-sail-ltd/stocks/companyid-11974.cms,steel-authority-of-india-sail-ltd,11974
Power Finance Corporation Ltd.,/power-finance-corporation-ltd/stocks/companyid-4519.cms,power-finance-corporation-ltd,4519
Canara Bank,/canara-bank/stocks/companyid-9218.cms,canara-bank,9218
Bajaj Finserv Ltd.,/bajaj-finserv-ltd/stocks/companyid-21426.cms,bajaj-finserv-ltd,21426
ITC Ltd.,/itc-ltd/stocks/companyid-13554.cms,itc-ltd,13554
General Insurance Corporation of India,/general-insurance-corporation-of-india/stocks/companyid-12266.cms,general-insurance-corporation-of-india,12266
Redington (India) Ltd.,/redington-india-ltd/stocks/companyid-18903.cms,redington-india-ltd,18903
Kotak Mahindra Bank Ltd.,/kotak-mahindra-bank-ltd/stocks/companyid-12161.cms,kotak-mahindra-bank-ltd,12161
Mangalore Refinery And Petrochemicals Ltd.,/mangalore-refinery-and-petrochemicals-ltd/stocks/companyid-11391.cms,mangalore-refinery-and-petrochemicals-ltd,11391
Bank of India,/bank-of-india/stocks/companyid-11964.cms,bank-of-india,11964
Vodafone Idea Ltd.,/vodafone-idea-ltd/stocks/companyid-3154.cms,vodafone-idea-ltd,3154
Adani Enterprises Ltd.,/adani-enterprises-ltd/stocks/companyid-9074.cms,adani-enterprises-ltd,9074
Jindal Steel & Power Ltd.,/jindal-steel-power-ltd/stocks/companyid-4355.cms,jindal-steel-power-ltd,4355
SBI Life Insurance Company Ltd.,/sbi-life-insurance-company-ltd/stocks/companyid-2898.cms,sbi-life-insurance-company-ltd,2898
Union Bank of India,/union-bank-of-india/stocks/companyid-12261.cms,union-bank-of-india,12261
UltraTech Cement Ltd.,/ultratech-cement-ltd/stocks/companyid-3027.cms,ultratech-cement-ltd,3027
Power Grid Corporation of India Ltd.,/power-grid-corporation-of-india-ltd/stocks/companyid-4628.cms,power-grid-corporation-of-india-ltd,4628
Hindustan Unilever Ltd.,/hindustan-unilever-ltd/stocks/companyid-13616.cms,hindustan-unilever-ltd,13616
Tech Mahindra Ltd.,/tech-mahindra-ltd/stocks/companyid-11221.cms,tech-mahindra-ltd,11221
YES Bank Ltd.,/yes-bank-ltd/stocks/companyid-16552.cms,yes-bank-ltd,16552
Chennai Petroleum Corporation Ltd.,/chennai-petroleum-corporation-ltd/stocks/companyid-11661.cms,chennai-petroleum-corporation-ltd,11661
InterGlobe Aviation Ltd.,/interglobe-aviation-ltd/stocks/companyid-60145.cms,interglobe-aviation-ltd,60145
UPL Ltd.,/upl-ltd/stocks/companyid-6114.cms,upl-ltd,6114
Petronet LNG Ltd.,/petronet-lng-ltd/stocks/companyid-4495.cms,petronet-lng-ltd,4495
IndusInd Bank Ltd.,/indusind-bank-ltd/stocks/companyid-9196.cms,indusind-bank-ltd,9196
Sun Pharmaceutical Industries Ltd.,/sun-pharmaceutical-industries-ltd/stocks/companyid-9134.cms,sun-pharmaceutical-industries-ltd,9134
Bajaj Auto Ltd.,/bajaj-auto-ltd/stocks/companyid-21430.cms,bajaj-auto-ltd,21430
Tata Power Company Ltd.,/tata-power-company-ltd/stocks/companyid-12918.cms,tata-power-company-ltd,12918
Hero MotoCorp Ltd.,/hero-motocorp-ltd/stocks/companyid-13636.cms,hero-motocorp-ltd,13636
The New India Assurance Company Ltd.,/the-new-india-assurance-company-ltd/stocks/companyid-4285.cms,the-new-india-assurance-company-ltd,4285
REC Ltd.,/rec-ltd/stocks/companyid-4616.cms,rec-ltd,4616
HDFC Life Insurance Company Ltd.,/hdfc-life-insurance-company-ltd/stocks/companyid-3068.cms,hdfc-life-insurance-company-ltd,3068
Adani Power Ltd.,/adani-power-ltd/stocks/companyid-23479.cms,adani-power-ltd,23479
Ambuja Cements Ltd.,/ambuja-cements-ltd/stocks/companyid-13643.cms,ambuja-cements-ltd,13643
Central Bank of India,/central-bank-of-india/stocks/companyid-11944.cms,central-bank-of-india,11944
Bajaj Finance Ltd.,/bajaj-finance-ltd/stocks/companyid-11260.cms,bajaj-finance-ltd,11260
IDBI Bank Ltd.,/idbi-bank-ltd/stocks/companyid-11689.cms,idbi-bank-ltd,11689
Avenue Supermarts Ltd.,/avenue-supermarts-ltd/stocks/companyid-45987.cms,avenue-supermarts-ltd,45987
Indian Bank,/indian-bank/stocks/companyid-8614.cms,indian-bank,8614
MMTC Ltd.,/mmtc-ltd/stocks/companyid-11645.cms,mmtc-ltd,11645
Aurobindo Pharma Ltd.,/aurobindo-pharma-ltd/stocks/companyid-8279.cms,aurobindo-pharma-ltd,8279
Reliance Capital Ltd.,/reliance-capital-ltd/stocks/companyid-13189.cms,reliance-capital-ltd,13189
Reliance Infrastructure Ltd.,/reliance-infrastructure-ltd/stocks/companyid-13922.cms,reliance-infrastructure-ltd,13922
ICICI Prudential Life Insurance Company Ltd.,/icici-prudential-life-insurance-company-ltd/stocks/companyid-1898.cms,icici-prudential-life-insurance-company-ltd,1898
Ashok Leyland Ltd.,/ashok-leyland-ltd/stocks/companyid-14041.cms,ashok-leyland-ltd,14041
Bharat Heavy Electricals Ltd.,/bharat-heavy-electricals-ltd/stocks/companyid-11831.cms,bharat-heavy-electricals-ltd,11831
Hindustan Aeronautics Ltd.,/hindustan-aeronautics-ltd/stocks/companyid-9206.cms,hindustan-aeronautics-ltd,9206
Titan Company Ltd.,/titan-company-ltd/stocks/companyid-12903.cms,titan-company-ltd,12903
Indian Overseas Bank,/indian-overseas-bank/stocks/companyid-11713.cms,indian-overseas-bank,11713
Ruchi Soya Industries Ltd.,/ruchi-soya-industries-ltd/stocks/companyid-13169.cms,ruchi-soya-industries-ltd,13169
Asian Paints Ltd.,/asian-paints-ltd/stocks/companyid-14034.cms,asian-paints-ltd,14034
Hindustan Zinc Ltd.,/hindustan-zinc-ltd/stocks/companyid-11982.cms,hindustan-zinc-ltd,11982
Future Retail Ltd.,/future-retail-ltd/stocks/companyid-45395.cms,future-retail-ltd,45395
Sundaram Clayton Ltd.,/sundaram-clayton-ltd/stocks/companyid-12921.cms,sundaram-clayton-ltd,12921
LIC Housing Finance Ltd.,/lic-housing-finance-ltd/stocks/companyid-10823.cms,lic-housing-finance-ltd,10823
TVS Motor Company Ltd.,/tvs-motor-company-ltd/stocks/companyid-12940.cms,tvs-motor-company-ltd,12940
Tata Steel BSL Ltd.,/tata-steel-bsl-ltd/stocks/companyid-10434.cms,tata-steel-bsl-ltd,10434
Max Financial Services Ltd.,/max-financial-services-ltd/stocks/companyid-13435.cms,max-financial-services-ltd,13435
Dr. Reddy's Laboratories Ltd.,/dr-reddys-laboratories-ltd/stocks/companyid-13841.cms,dr-reddys-laboratories-ltd,13841
PTC India Ltd.,/ptc-india-ltd/stocks/companyid-3145.cms,ptc-india-ltd,3145
UCO Bank,/uco-bank/stocks/companyid-9180.cms,uco-bank,9180
IDFC First Bank Ltd.,/idfc-first-bank-ltd/stocks/companyid-62245.cms,idfc-first-bank-ltd,62245
Cipla Ltd.,/cipla-ltd/stocks/companyid-13917.cms,cipla-ltd,13917
EID Parry (India) Ltd.,/eid-parry-india-ltd/stocks/companyid-13818.cms,eid-parry-india-ltd,13818
Tata Communications Ltd.,/tata-communications-ltd/stocks/companyid-11992.cms,tata-communications-ltd,11992
Tata Chemicals Ltd.,/tata-chemicals-ltd/stocks/companyid-12913.cms,tata-chemicals-ltd,12913
Aditya Birla Capital Ltd.,/aditya-birla-capital-ltd/stocks/companyid-66696.cms,aditya-birla-capital-ltd,66696
Shriram Transport Finance Company Ltd.,/shriram-transport-finance-company-ltd/stocks/companyid-13106.cms,shriram-transport-finance-company-ltd,13106
MRF Ltd.,/mrf-ltd/stocks/companyid-11381.cms,mrf-ltd,11381
Apollo Tyres Ltd.,/apollo-tyres-ltd/stocks/companyid-63.cms,apollo-tyres-ltd,63
Lupin Ltd.,/lupin-ltd/stocks/companyid-10743.cms,lupin-ltd,10743
ACC Ltd.,/acc-ltd/stocks/companyid-6.cms,acc-ltd,6
Federal Bank Ltd.,/federal-bank-ltd/stocks/companyid-9211.cms,federal-bank-ltd,9211
Rail Vikas Nigam Ltd.,/rail-vikas-nigam-ltd/stocks/companyid-18466.cms,rail-vikas-nigam-ltd,18466
Oil India Ltd.,/oil-india-ltd/stocks/companyid-4547.cms,oil-india-ltd,4547
Piramal Enterprises Ltd.,/piramal-enterprises-ltd/stocks/companyid-13332.cms,piramal-enterprises-ltd,13332
L&T Finance Holdings Ltd.,/lt-finance-holdings-ltd/stocks/companyid-30050.cms,lt-finance-holdings-ltd,30050
Exide Industries Ltd.,/exide-industries-ltd/stocks/companyid-13895.cms,exide-industries-ltd,13895
Cadila Healthcare Ltd.,/cadila-healthcare-ltd/stocks/companyid-3778.cms,cadila-healthcare-ltd,3778
Siemens Ltd.,/siemens-ltd/stocks/companyid-13102.cms,siemens-ltd,13102
Torrent Power Ltd.,/torrent-power-ltd/stocks/companyid-18767.cms,torrent-power-ltd,18767
Adani Ports & Special Economic Zone Ltd.,/adani-ports-special-economic-zone-ltd/stocks/companyid-20316.cms,adani-ports-special-economic-zone-ltd,20316
Indiabulls Housing Finance Ltd.,/indiabulls-housing-finance-ltd/stocks/companyid-15580.cms,indiabulls-housing-finance-ltd,15580
Spicejet Ltd.,/spicejet-ltd/stocks/companyid-7876.cms,spicejet-ltd,7876
National Fertilizers Ltd.,/national-fertilizers-ltd/stocks/companyid-11632.cms,national-fertilizers-ltd,11632
Coromandel International Ltd.,/coromandel-international-ltd/stocks/companyid-13851.cms,coromandel-international-ltd,13851
Bank of Maharashtra,/bank-of-maharashtra/stocks/companyid-12283.cms,bank-of-maharashtra,12283
Shree Cements Ltd.,/shree-cements-ltd/stocks/companyid-13129.cms,shree-cements-ltd,13129
Cholamandalam Financial Holdings Ltd.,/cholamandalam-financial-holdings-ltd/stocks/companyid-12889.cms,cholamandalam-financial-holdings-ltd,12889
Bharat Electronics Ltd.,/bharat-electronics-ltd/stocks/companyid-11945.cms,bharat-electronics-ltd,11945
Jindal Stainless Ltd.,/jindal-stainless-ltd/stocks/companyid-750.cms,jindal-stainless-ltd,750
Kalpataru Power Transmissions Ltd.,/kalpataru-power-transmissions-ltd/stocks/companyid-8534.cms,kalpataru-power-transmissions-ltd,8534
Nestle India Ltd.,/nestle-india-ltd/stocks/companyid-13330.cms,nestle-india-ltd,13330
Rain Industries Ltd.,/rain-industries-ltd/stocks/companyid-13252.cms,rain-industries-ltd,13252
Chambal Fertilisers & Chemicals Ltd.,/chambal-fertilisers-chemicals-ltd/stocks/companyid-10777.cms,chambal-fertilisers-chemicals-ltd,10777
ICICI Lombard General Insurance Company Ltd.,/icici-lombard-general-insurance-company-ltd/stocks/companyid-1883.cms,icici-lombard-general-insurance-company-ltd,1883
Bandhan Bank Ltd.,/bandhan-bank-ltd/stocks/companyid-67665.cms,bandhan-bank-ltd,67665
NMDC Ltd.,/nmdc-ltd/stocks/companyid-11633.cms,nmdc-ltd,11633
Gujarat State Petronet Ltd.,/gujarat-state-petronet-ltd/stocks/companyid-2101.cms,gujarat-state-petronet-ltd,2101
Bombay Burmah Trading Corporation Ltd.,/bombay-burmah-trading-corporation-ltd/stocks/companyid-13945.cms,bombay-burmah-trading-corporation-ltd,13945
Godrej Industries Ltd.,/godrej-industries-ltd/stocks/companyid-11764.cms,godrej-industries-ltd,11764
Mahindra & Mahindra Financial Services Ltd.,/mahindra-mahindra-financial-services-ltd/stocks/companyid-3540.cms,mahindra-mahindra-financial-services-ltd,3540
KEC International Ltd.,/kec-international-ltd/stocks/companyid-16054.cms,kec-international-ltd,16054
CESC Ltd.,/cesc-ltd/stocks/companyid-13911.cms,cesc-ltd,13911
Britannia Industries Ltd.,/britannia-industries-ltd/stocks/companyid-13934.cms,britannia-industries-ltd,13934
NLC India Ltd.,/nlc-india-ltd/stocks/companyid-12317.cms,nlc-india-ltd,12317
Jindal Saw Ltd.,/jindal-saw-ltd/stocks/companyid-13149.cms,jindal-saw-ltd,13149
Adani Transmission Ltd.,/adani-transmission-ltd/stocks/companyid-57724.cms,adani-transmission-ltd,57724
Apollo Hospitals Enterprise Ltd.,/apollo-hospitals-enterprise-ltd/stocks/companyid-62.cms,apollo-hospitals-enterprise-ltd,62
Varroc Engineering Ltd.,/varroc-engineering-ltd/stocks/companyid-68496.cms,varroc-engineering-ltd,68496
Larsen & Toubro Infotech Ltd.,/larsen-toubro-infotech-ltd/stocks/companyid-3318.cms,larsen-toubro-infotech-ltd,3318
Bengal & Assam Company Ltd.,/bengal-assam-company-ltd/stocks/companyid-20086.cms,bengal-assam-company-ltd,20086
Jaiprakash Associates Ltd.,/jaiprakash-associates-ltd/stocks/companyid-1481.cms,jaiprakash-associates-ltd,1481
Quess Corp Ltd.,/quess-corp-ltd/stocks/companyid-55515.cms,quess-corp-ltd,55515
NHPC Ltd.,/nhpc-ltd/stocks/companyid-12536.cms,nhpc-ltd,12536
Glenmark Pharmaceuticals Ltd.,/glenmark-pharmaceuticals-ltd/stocks/companyid-4255.cms,glenmark-pharmaceuticals-ltd,4255
RBL Bank Ltd.,/rbl-bank-ltd/stocks/companyid-7750.cms,rbl-bank-ltd,7750
Bosch Ltd.,/bosch-ltd/stocks/companyid-11911.cms,bosch-ltd,11911
Gujarat Gas Ltd.,/gujarat-gas-ltd/stocks/companyid-59030.cms,gujarat-gas-ltd,59030
Welspun Corp Ltd.,/welspun-corp-ltd/stocks/companyid-5032.cms,welspun-corp-ltd,5032
Godrej Consumer Products Ltd.,/godrej-consumer-products-ltd/stocks/companyid-1908.cms,godrej-consumer-products-ltd,1908
Dalmia Bharat Ltd.,/dalmia-bharat-ltd/stocks/companyid-1846307.cms,dalmia-bharat-ltd,1846307
Dilip Buildcon Ltd.,/dilip-buildcon-ltd/stocks/companyid-49439.cms,dilip-buildcon-ltd,49439
Rashtriya Chemicals & Fertilizers Ltd.,/rashtriya-chemicals-fertilizers-ltd/stocks/companyid-11948.cms,rashtriya-chemicals-fertilizers-ltd,11948
Tata Consumer Products Ltd.,/tata-consumer-products-ltd/stocks/companyid-12929.cms,tata-consumer-products-ltd,12929
SBI Cards and Payment Services Ltd.,/sbi-cards-and-payment-services-ltd/stocks/companyid-21826.cms,sbi-cards-and-payment-services-ltd,21826
Eicher Motors Ltd.,/eicher-motors-ltd/stocks/companyid-13787.cms,eicher-motors-ltd,13787
Muthoot Finance Ltd.,/muthoot-finance-ltd/stocks/companyid-33218.cms,muthoot-finance-ltd,33218
Edelweiss Financial Services Ltd.,/edelweiss-financial-services-ltd/stocks/companyid-19100.cms,edelweiss-financial-services-ltd,19100
Dewan Housing Finance Corporation Ltd.,/dewan-housing-finance-corporation-ltd/stocks/companyid-12024.cms,dewan-housing-finance-corporation-ltd,12024
Jindal Stainless (Hisar) Ltd.,/jindal-stainless-hisar-ltd/stocks/companyid-61755.cms,jindal-stainless-hisar-ltd,61755
Havells India Ltd.,/havells-india-ltd/stocks/companyid-10507.cms,havells-india-ltd,10507
United Spirits Ltd.,/united-spirits-ltd/stocks/companyid-1714.cms,united-spirits-ltd,1714
GMR Infrastructure Ltd.,/gmr-infrastructure-ltd/stocks/companyid-1428.cms,gmr-infrastructure-ltd,1428
JSW Energy Ltd.,/jsw-energy-ltd/stocks/companyid-19818.cms,jsw-energy-ltd,19818
Jubilant Life Sciences Ltd.,/jubilant-life-sciences-ltd/stocks/companyid-12828.cms,jubilant-life-sciences-ltd,12828
MphasiS Ltd.,/mphasis-ltd/stocks/companyid-8684.cms,mphasis-ltd,8684
NCC Ltd.,/ncc-ltd/stocks/companyid-11234.cms,ncc-ltd,11234
Dabur India Ltd.,/dabur-india-ltd/stocks/companyid-11796.cms,dabur-india-ltd,11796
Jammu & Kashmir Bank Ltd.,/jammu-kashmir-bank-ltd/stocks/companyid-8611.cms,jammu-kashmir-bank-ltd,8611
Polycab India Ltd.,/polycab-india-ltd/stocks/companyid-33820.cms,polycab-india-ltd,33820
Aditya Birla Fashion and Retail Ltd.,/aditya-birla-fashion-and-retail-ltd/stocks/companyid-46091.cms,aditya-birla-fashion-and-retail-ltd,46091
Punjab & Sind Bank,/punjab-sind-bank/stocks/companyid-11582.cms,punjab-sind-bank,11582
South Indian Bank Ltd.,/south-indian-bank-ltd/stocks/companyid-12249.cms,south-indian-bank-ltd,12249
Aster DM Healthcare Ltd.,/aster-dm-healthcare-ltd/stocks/companyid-67489.cms,aster-dm-healthcare-ltd,67489
JK Tyre & Industries Ltd.,/jk-tyre-industries-ltd/stocks/companyid-13537.cms,jk-tyre-industries-ltd,13537
National Aluminium Company Ltd.,/national-aluminium-company-ltd/stocks/companyid-11997.cms,national-aluminium-company-ltd,11997
Cholamandalam Investment & Finance Company Ltd.,/cholamandalam-investment-finance-company-ltd/stocks/companyid-12159.cms,cholamandalam-investment-finance-company-ltd,12159
Indus Towers Ltd.,/indus-towers-ltd/stocks/companyid-22411.cms,indus-towers-ltd,22411
Varun Beverages Ltd.,/varun-beverages-ltd/stocks/companyid-18605.cms,varun-beverages-ltd,18605
Security and Intelligence Services (India) Ltd.,/security-and-intelligence-services-india-ltd/stocks/companyid-46514.cms,security-and-intelligence-services-india-ltd,46514
Zee Entertainment Enterprises Ltd.,/zee-entertainment-enterprises-ltd/stocks/companyid-11769.cms,zee-entertainment-enterprises-ltd,11769
PNB Housing Finance Ltd.,/pnb-housing-finance-ltd/stocks/companyid-4749.cms,pnb-housing-finance-ltd,4749
Alkem Laboratories Ltd.,/alkem-laboratories-ltd/stocks/companyid-15059.cms,alkem-laboratories-ltd,15059
Prestige Estates Projects Ltd.,/prestige-estates-projects-ltd/stocks/companyid-32683.cms,prestige-estates-projects-ltd,32683
Bharat Forge Ltd.,/bharat-forge-ltd/stocks/companyid-13958.cms,bharat-forge-ltd,13958
Reliance Power Ltd.,/reliance-power-ltd/stocks/companyid-4422.cms,reliance-power-ltd,4422
Marico Ltd.,/marico-ltd/stocks/companyid-5886.cms,marico-ltd,5886
DCM Shriram Ltd.,/dcm-shriram-ltd/stocks/companyid-12125.cms,dcm-shriram-ltd,12125
Torrent Pharmaceuticals Ltd.,/torrent-pharmaceuticals-ltd/stocks/companyid-8492.cms,torrent-pharmaceuticals-ltd,8492
Mahindra CIE Automotive Ltd.,/mahindra-cie-automotive-ltd/stocks/companyid-17103.cms,mahindra-cie-automotive-ltd,17103
Gujarat State Fertilizer & Chemicals Ltd.,/gujarat-state-fertilizer-chemicals-ltd/stocks/companyid-13678.cms,gujarat-state-fertilizer-chemicals-ltd,13678
Voltas Ltd.,/voltas-ltd/stocks/companyid-12815.cms,voltas-ltd,12815
Karnataka Bank Ltd.,/karnataka-bank-ltd/stocks/companyid-12259.cms,karnataka-bank-ltd,12259
MindTree Ltd.,/mindtree-ltd/stocks/companyid-15673.cms,mindtree-ltd,15673
APL Apollo Tubes Ltd.,/apl-apollo-tubes-ltd/stocks/companyid-6683.cms,apl-apollo-tubes-ltd,6683
Shree Renuka Sugars Ltd.,/shree-renuka-sugars-ltd/stocks/companyid-18608.cms,shree-renuka-sugars-ltd,18608
BASF India Ltd.,/basf-india-ltd/stocks/companyid-13981.cms,basf-india-ltd,13981
Housing and Urban Development Corporation Ltd.,/housing-and-urban-development-corporation-ltd/stocks/companyid-4516.cms,housing-and-urban-development-corporation-ltd,4516
Apar Industries Ltd.,/apar-industries-ltd/stocks/companyid-12150.cms,apar-industries-ltd,12150
Allcargo Logistics Ltd.,/allcargo-logistics-ltd/stocks/companyid-17998.cms,allcargo-logistics-ltd,17998
Pidilite Industries Ltd.,/pidilite-industries-ltd/stocks/companyid-10460.cms,pidilite-industries-ltd,10460
Uflex Ltd.,/uflex-ltd/stocks/companyid-13781.cms,uflex-ltd,13781
Arvind Ltd.,/arvind-ltd/stocks/companyid-14037.cms,arvind-ltd,14037
ABB India Ltd.,/abb-india-ltd/stocks/companyid-14040.cms,abb-india-ltd,14040
Whirlpool of India Ltd.,/whirlpool-of-india-ltd/stocks/companyid-13483.cms,whirlpool-of-india-ltd,13483
Kama Holdings Ltd.,/kama-holdings-ltd/stocks/companyid-15381.cms,kama-holdings-ltd,15381
SRF Ltd.,/srf-ltd/stocks/companyid-13155.cms,srf-ltd,13155
DLF Ltd.,/dlf-ltd/stocks/companyid-12393.cms,dlf-ltd,12393
Aegis Logistics Ltd.,/aegis-logistics-ltd/stocks/companyid-23.cms,aegis-logistics-ltd,23
Karur Vysya Bank Ltd.,/karur-vysya-bank-ltd/stocks/companyid-12258.cms,karur-vysya-bank-ltd,12258
IRB Infrastructure Developers Ltd.,/irb-infrastructure-developers-ltd/stocks/companyid-20738.cms,irb-infrastructure-developers-ltd,20738
Godrej Agrovet Ltd.,/godrej-agrovet-ltd/stocks/companyid-9771.cms,godrej-agrovet-ltd,9771
Birla Corporation Ltd.,/birla-corporation-ltd/stocks/companyid-13961.cms,birla-corporation-ltd,13961
Endurance Technologies Ltd.,/endurance-technologies-ltd/stocks/companyid-38215.cms,endurance-technologies-ltd,38215
Thomas Cook (India) Ltd.,/thomas-cook-india-ltd/stocks/companyid-12897.cms,thomas-cook-india-ltd,12897
Container Corporation of India Ltd.,/container-corporation-of-india-ltd/stocks/companyid-4764.cms,container-corporation-of-india-ltd,4764
Vardhman Textiles Ltd.,/vardhman-textiles-ltd/stocks/companyid-11897.cms,vardhman-textiles-ltd,11897
Amara Raja Batteries Ltd.,/amara-raja-batteries-ltd/stocks/companyid-12713.cms,amara-raja-batteries-ltd,12713
Welspun India Ltd.,/welspun-india-ltd/stocks/companyid-12096.cms,welspun-india-ltd,12096
Ceat Ltd.,/ceat-ltd/stocks/companyid-13914.cms,ceat-ltd,13914
Indraprastha Gas Ltd.,/indraprastha-gas-ltd/stocks/companyid-751.cms,indraprastha-gas-ltd,751
Raymond Ltd.,/raymond-ltd/stocks/companyid-13214.cms,raymond-ltd,13214
Bajaj Hindusthan Sugar Ltd.,/bajaj-hindusthan-sugar-ltd/stocks/companyid-13998.cms,bajaj-hindusthan-sugar-ltd,13998
PDS Multinational Fashions Ltd.,/pds-multinational-fashions-ltd/stocks/companyid-41675.cms,pds-multinational-fashions-ltd,41675
Biocon Ltd.,/biocon-ltd/stocks/companyid-2082.cms,biocon-ltd,2082
United Breweries Ltd.,/united-breweries-ltd/stocks/companyid-1367.cms,united-breweries-ltd,1367
Berger Paints (India) Ltd.,/berger-paints-india-ltd/stocks/companyid-13971.cms,berger-paints-india-ltd,13971
Future Lifestyle Fashions Ltd.,/future-lifestyle-fashions-ltd/stocks/companyid-47561.cms,future-lifestyle-fashions-ltd,47561
Jain Irrigation Systems Ltd.,/jain-irrigation-systems-ltd/stocks/companyid-13532.cms,jain-irrigation-systems-ltd,13532
Shriram City Union Finance Ltd.,/shriram-city-union-finance-ltd/stocks/companyid-8699.cms,shriram-city-union-finance-ltd,8699
Prism Johnson Ltd.,/prism-johnson-ltd/stocks/companyid-8255.cms,prism-johnson-ltd,8255
SREI Infrastructure Finance Ltd.,/srei-infrastructure-finance-ltd/stocks/companyid-11265.cms,srei-infrastructure-finance-ltd,11265
Ebixcash World Money India Ltd.,/ebixcash-world-money-india-ltd/stocks/companyid-34119.cms,ebixcash-world-money-india-ltd,34119
ISGEC Heavy Engineering Ltd.,/isgec-heavy-engineering-ltd/stocks/companyid-12761.cms,isgec-heavy-engineering-ltd,12761
Escorts Ltd.,/escorts-ltd/stocks/companyid-13761.cms,escorts-ltd,13761
JK Cement Ltd.,/jk-cement-ltd/stocks/companyid-16847.cms,jk-cement-ltd,16847
Sterling and Wilson Solar Ltd.,/sterling-and-wilson-solar-ltd/stocks/companyid-1944712.cms,sterling-and-wilson-solar-ltd,1944712
Thermax Ltd.,/thermax-ltd/stocks/companyid-8165.cms,thermax-ltd,8165
L&T Technology Services Ltd.,/lt-technology-services-ltd/stocks/companyid-64987.cms,lt-technology-services-ltd,64987
PNC Infratech Ltd.,/pnc-infratech-ltd/stocks/companyid-33621.cms,pnc-infratech-ltd,33621
Gokul Agro Resources Ltd.,/gokul-agro-resources-ltd/stocks/companyid-64019.cms,gokul-agro-resources-ltd,64019
Divi's Laboratories Ltd.,/divis-laboratories-ltd/stocks/companyid-3635.cms,divis-laboratories-ltd,3635
Cummins India Ltd.,/cummins-india-ltd/stocks/companyid-13471.cms,cummins-india-ltd,13471
Ircon International Ltd.,/ircon-international-ltd/stocks/companyid-11980.cms,ircon-international-ltd,11980
Manappuram Finance Ltd.,/manappuram-finance-ltd/stocks/companyid-7134.cms,manappuram-finance-ltd,7134
Supreme Industries Ltd.,/supreme-industries-ltd/stocks/companyid-12969.cms,supreme-industries-ltd,12969
Minda Industries Ltd.,/minda-industries-ltd/stocks/companyid-5459.cms,minda-industries-ltd,5459
Surya Roshni Ltd.,/surya-roshni-ltd/stocks/companyid-13277.cms,surya-roshni-ltd,13277
Future Enterprises Ltd.,/future-enterprises-ltd/stocks/companyid-11339.cms,future-enterprises-ltd,11339
NBCC (India) Ltd.,/nbcc-india-ltd/stocks/companyid-4531.cms,nbcc-india-ltd,4531
The Ramco Cements Ltd.,/the-ramco-cements-ltd/stocks/companyid-11377.cms,the-ramco-cements-ltd,11377
Paul Merchants Ltd.,/paul-merchants-ltd/stocks/companyid-59975.cms,paul-merchants-ltd,59975
Blue Star Ltd.,/blue-star-ltd/stocks/companyid-13942.cms,blue-star-ltd,13942
Network 18 Media & Investments Ltd.,/network-18-media-investments-ltd/stocks/companyid-15747.cms,network-18-media-investments-ltd,15747
Sadbhav Engineering Ltd.,/sadbhav-engineering-ltd/stocks/companyid-17871.cms,sadbhav-engineering-ltd,17871
CG Power and Industrial Solutions Ltd.,/cg-power-and-industrial-solutions-ltd/stocks/companyid-13866.cms,cg-power-and-industrial-solutions-ltd,13866
Hatsun Agro Products Ltd.,/hatsun-agro-products-ltd/stocks/companyid-6402.cms,hatsun-agro-products-ltd,6402
Gujarat Narmada Valley Fertilizers & Chemicals Ltd.,/gujarat-narmada-valley-fertilizers-chemicals-ltd/stocks/companyid-13673.cms,gujarat-narmada-valley-fertilizers-chemicals-ltd,13673
Alok Industries Ltd.,/alok-industries-ltd/stocks/companyid-10648.cms,alok-industries-ltd,10648
Kansai Nerolac Paints Ltd.,/kansai-nerolac-paints-ltd/stocks/companyid-13713.cms,kansai-nerolac-paints-ltd,13713
TV18 Broadcast Ltd.,/tv18-broadcast-ltd/stocks/companyid-15481.cms,tv18-broadcast-ltd,15481
PC Jeweller Ltd.,/pc-jeweller-ltd/stocks/companyid-42269.cms,pc-jeweller-ltd,42269
TeamLease Services Ltd.,/teamlease-services-ltd/stocks/companyid-46318.cms,teamlease-services-ltd,46318
India Cements Ltd.,/india-cements-ltd/stocks/companyid-13550.cms,india-cements-ltd,13550
Sterlite Technologies Ltd.,/sterlite-technologies-ltd/stocks/companyid-3370.cms,sterlite-technologies-ltd,3370
Ashoka Buildcon Ltd.,/ashoka-buildcon-ltd/stocks/companyid-21608.cms,ashoka-buildcon-ltd,21608
Zuari Agro Chemicals Ltd.,/zuari-agro-chemicals-ltd/stocks/companyid-34532.cms,zuari-agro-chemicals-ltd,34532
Hinduja Global Solutions Ltd.,/hinduja-global-solutions-ltd/stocks/companyid-19484.cms,hinduja-global-solutions-ltd,19484
Balkrishna Industries Ltd.,/balkrishna-industries-ltd/stocks/companyid-14013.cms,balkrishna-industries-ltd,14013
Oracle Financial Services Software Ltd.,/oracle-financial-services-software-ltd/stocks/companyid-3160.cms,oracle-financial-services-software-ltd,3160
Bajaj Electricals Ltd.,/bajaj-electricals-ltd/stocks/companyid-13978.cms,bajaj-electricals-ltd,13978
AGC Networks Ltd.,/agc-networks-ltd/stocks/companyid-12930.cms,agc-networks-ltd,12930
Au Small Finance Bank Ltd.,/au-small-finance-bank-ltd/stocks/companyid-66288.cms,au-small-finance-bank-ltd,66288
Fortis Healthcare Ltd.,/fortis-healthcare-ltd/stocks/companyid-16648.cms,fortis-healthcare-ltd,16648
KEI Industries Ltd.,/kei-industries-ltd/stocks/companyid-8311.cms,kei-industries-ltd,8311
City Union Bank Ltd.,/city-union-bank-ltd/stocks/companyid-7749.cms,city-union-bank-ltd,7749
IIFL Finance Ltd.,/iifl-finance-ltd/stocks/companyid-13033.cms,iifl-finance-ltd,13033
Tube Investments of India Ltd.,/tube-investments-of-india-ltd/stocks/companyid-67230.cms,tube-investments-of-india-ltd,67230
Balrampur Chini Mills Ltd.,/balrampur-chini-mills-ltd/stocks/companyid-12477.cms,balrampur-chini-mills-ltd,12477
Deepak Fertilisers & Petrochemicals Corporation Ltd.,/deepak-fertilisers-petrochemicals-corporation-ltd/stocks/companyid-13837.cms,deepak-fertilisers-petrochemicals-corporation-ltd,13837
Trident Ltd.,/trident-ltd/stocks/companyid-11163.cms,trident-ltd,11163
Sundaram Finance Ltd.,/sundaram-finance-ltd/stocks/companyid-12963.cms,sundaram-finance-ltd,12963
Shipping Corporation of India Ltd.,/shipping-corporation-of-india-ltd/stocks/companyid-11972.cms,shipping-corporation-of-india-ltd,11972
Ipca Laboratories Ltd.,/ipca-laboratories-ltd/stocks/companyid-10587.cms,ipca-laboratories-ltd,10587
Indian Hotels Company Ltd.,/indian-hotels-company-ltd/stocks/companyid-13586.cms,indian-hotels-company-ltd,13586
RattanIndia Power Ltd.,/rattanindia-power-ltd/stocks/companyid-24320.cms,rattanindia-power-ltd,24320
Polyplex Corporation Ltd.,/polyplex-corporation-ltd/stocks/companyid-13282.cms,polyplex-corporation-ltd,13282
CESC Ventures Ltd.,/cesc-ventures-ltd/stocks/companyid-69233.cms,cesc-ventures-ltd,69233
Alembic Pharmaceuticals Ltd.,/alembic-pharmaceuticals-ltd/stocks/companyid-34421.cms,alembic-pharmaceuticals-ltd,34421
Cyient Ltd.,/cyient-ltd/stocks/companyid-4978.cms,cyient-ltd,4978
Crompton Greaves Consumer Electricals Ltd.,/crompton-greaves-consumer-electricals-ltd/stocks/companyid-61335.cms,crompton-greaves-consumer-electricals-ltd,61335
Colgate-Palmolive (India) Ltd.,/colgate-palmolive-india-ltd/stocks/companyid-13873.cms,colgate-palmolive-india-ltd,13873
KRBL Ltd.,/krbl-ltd/stocks/companyid-7603.cms,krbl-ltd,7603
Triveni Engineering & Industries Ltd.,/triveni-engineering-industries-ltd/stocks/companyid-4301.cms,triveni-engineering-industries-ltd,4301
Schaeffler India Ltd.,/schaeffler-india-ltd/stocks/companyid-13780.cms,schaeffler-india-ltd,13780
JK Lakshmi Cement Ltd.,/jk-lakshmi-cement-ltd/stocks/companyid-12989.cms,jk-lakshmi-cement-ltd,12989
Dixon Technologies (India) Ltd.,/dixon-technologies-india-ltd/stocks/companyid-61461.cms,dixon-technologies-india-ltd,61461
Kothari Products Ltd.,/kothari-products-ltd/stocks/companyid-7988.cms,kothari-products-ltd,7988
Zensar Technologies Ltd.,/zensar-technologies-ltd/stocks/companyid-13597.cms,zensar-technologies-ltd,13597
Deepak Nitrite Ltd.,/deepak-nitrite-ltd/stocks/companyid-13838.cms,deepak-nitrite-ltd,13838
Coforge Ltd.,/coforge-ltd/stocks/companyid-858.cms,coforge-ltd,858
Abbott India Ltd.,/abbott-india-ltd/stocks/companyid-13937.cms,abbott-india-ltd,13937
Aarti Industries Ltd.,/aarti-industries-ltd/stocks/companyid-11400.cms,aarti-industries-ltd,11400
Avanti Feeds Ltd.,/avanti-feeds-ltd/stocks/companyid-6724.cms,avanti-feeds-ltd,6724
LT Foods Ltd.,/lt-foods-ltd/stocks/companyid-18545.cms,lt-foods-ltd,18545
Atul Ltd.,/atul-ltd/stocks/companyid-14027.cms,atul-ltd,14027
Firstsource Solutions Ltd.,/firstsource-solutions-ltd/stocks/companyid-99.cms,firstsource-solutions-ltd,99
Simplex Infrastructures Ltd.,/simplex-infrastructures-ltd/stocks/companyid-10948.cms,simplex-infrastructures-ltd,10948
Sadbhav Infrastructure Project Ltd.,/sadbhav-infrastructure-project-ltd/stocks/companyid-30247.cms,sadbhav-infrastructure-project-ltd,30247
Hindustan Construction Company Ltd.,/hindustan-construction-company-ltd/stocks/companyid-13654.cms,hindustan-construction-company-ltd,13654
Jubilant Foodworks Ltd.,/jubilant-foodworks-ltd/stocks/companyid-16224.cms,jubilant-foodworks-ltd,16224
Amber Enterprises India Ltd.,/amber-enterprises-india-ltd/stocks/companyid-67404.cms,amber-enterprises-india-ltd,67404
Great Eastern Shipping Company Ltd.,/great-eastern-shipping-company-ltd/stocks/companyid-13697.cms,great-eastern-shipping-company-ltd,13697
Castrol India Ltd.,/castrol-india-ltd/stocks/companyid-13577.cms,castrol-india-ltd,13577
DCB Bank Ltd.,/dcb-bank-ltd/stocks/companyid-4940.cms,dcb-bank-ltd,4940
Arvind Fashions Ltd.,/arvind-fashions-ltd/stocks/companyid-15045.cms,arvind-fashions-ltd,15045
JMC Projects (India) Ltd.,/jmc-projects-india-ltd/stocks/companyid-7374.cms,jmc-projects-india-ltd,7374
Tamil Nadu Newsprint And Papers Ltd.,/tamil-nadu-newsprint-and-papers-ltd/stocks/companyid-11491.cms,tamil-nadu-newsprint-and-papers-ltd,11491
HFCL Ltd.,/hfcl-ltd/stocks/companyid-13649.cms,hfcl-ltd,13649
GlaxoSmithKline Pharmaceuticals Ltd.,/glaxosmithkline-pharmaceuticals-ltd/stocks/companyid-13715.cms,glaxosmithkline-pharmaceuticals-ltd,13715
Gujarat Ambuja Exports Ltd.,/gujarat-ambuja-exports-ltd/stocks/companyid-11435.cms,gujarat-ambuja-exports-ltd,11435
Sobha Ltd.,/sobha-ltd/stocks/companyid-19352.cms,sobha-ltd,19352
Sonata Software Ltd.,/sonata-software-ltd/stocks/companyid-4558.cms,sonata-software-ltd,4558
Sun TV Network Ltd.,/sun-tv-network-ltd/stocks/companyid-17994.cms,sun-tv-network-ltd,17994
The Fertilisers and Chemicals Travancore Ltd.,/the-fertilisers-and-chemicals-travancore-ltd/stocks/companyid-11995.cms,the-fertilisers-and-chemicals-travancore-ltd,11995
Sundram Fasteners Ltd.,/sundram-fasteners-ltd/stocks/companyid-12962.cms,sundram-fasteners-ltd,12962
Persistent Systems Ltd.,/persistent-systems-ltd/stocks/companyid-21519.cms,persistent-systems-ltd,21519
Bayer Cropscience Ltd.,/bayer-cropscience-ltd/stocks/companyid-13975.cms,bayer-cropscience-ltd,13975
Cochin Shipyard Ltd.,/cochin-shipyard-ltd/stocks/companyid-4529.cms,cochin-shipyard-ltd,4529
Jayaswal Neco Industries Ltd.,/jayaswal-neco-industries-ltd/stocks/companyid-8499.cms,jayaswal-neco-industries-ltd,8499
Trent Ltd.,/trent-ltd/stocks/companyid-13456.cms,trent-ltd,13456
Jindal Poly Films Ltd.,/jindal-poly-films-ltd/stocks/companyid-8826.cms,jindal-poly-films-ltd,8826
Time Technoplast Ltd.,/time-technoplast-ltd/stocks/companyid-19129.cms,time-technoplast-ltd,19129
Tata Steel Long Products Ltd.,/tata-steel-long-products-ltd/stocks/companyid-12743.cms,tata-steel-long-products-ltd,12743
Dish TV India Ltd.,/dish-tv-india-ltd/stocks/companyid-20201.cms,dish-tv-india-ltd,20201
ABB Power Products and Systems India Ltd.,/abb-power-products-and-systems-india-ltd/stocks/companyid-1942561.cms,abb-power-products-and-systems-india-ltd,1942561
Dhampur Sugar Mills Ltd.,/dhampur-sugar-mills-ltd/stocks/companyid-12782.cms,dhampur-sugar-mills-ltd,12782
Jaiprakash Power Ventures Ltd.,/jaiprakash-power-ventures-ltd/stocks/companyid-1513.cms,jaiprakash-power-ventures-ltd,1513
India Glycols Ltd.,/india-glycols-ltd/stocks/companyid-13551.cms,india-glycols-ltd,13551
Shoppers Stop Ltd.,/shoppers-stop-ltd/stocks/companyid-2646.cms,shoppers-stop-ltd,2646
Bajaj Holdings & Investment Ltd.,/bajaj-holdings-investment-ltd/stocks/companyid-13977.cms,bajaj-holdings-investment-ltd,13977
Engineers India Ltd.,/engineers-india-ltd/stocks/companyid-4582.cms,engineers-india-ltd,4582
Mahindra Logistics Ltd.,/mahindra-logistics-ltd/stocks/companyid-23241.cms,mahindra-logistics-ltd,23241
Century Textiles & Industries Ltd.,/century-textiles-industries-ltd/stocks/companyid-13905.cms,century-textiles-industries-ltd,13905
JM Financial Ltd.,/jm-financial-ltd/stocks/companyid-12633.cms,jm-financial-ltd,12633
PVR Ltd.,/pvr-ltd/stocks/companyid-16320.cms,pvr-ltd,16320
Gayatri Projects Ltd.,/gayatri-projects-ltd/stocks/companyid-18530.cms,gayatri-projects-ltd,18530
Indiabulls Real Estate Ltd.,/indiabulls-real-estate-ltd/stocks/companyid-19231.cms,indiabulls-real-estate-ltd,19231
Kirloskar Oil Engines Ltd.,/kirloskar-oil-engines-ltd/stocks/companyid-29130.cms,kirloskar-oil-engines-ltd,29130
PI Industries Ltd.,/pi-industries-ltd/stocks/companyid-10357.cms,pi-industries-ltd,10357
JK Paper Ltd.,/jk-paper-ltd/stocks/companyid-11827.cms,jk-paper-ltd,11827
KPR Mill Ltd.,/kpr-mill-ltd/stocks/companyid-20138.cms,kpr-mill-ltd,20138
Honeywell Automation India Ltd.,/honeywell-automation-india-ltd/stocks/companyid-12915.cms,honeywell-automation-india-ltd,12915
IFB Industries Ltd.,/ifb-industries-ltd/stocks/companyid-13568.cms,ifb-industries-ltd,13568
Birlasoft Ltd.,/birlasoft-ltd/stocks/companyid-4471.cms,birlasoft-ltd,4471
GHCL Ltd.,/ghcl-ltd/stocks/companyid-13683.cms,ghcl-ltd,13683
SJVN Ltd.,/sjvn-ltd/stocks/companyid-18460.cms,sjvn-ltd,18460
Venky's (India) Ltd.,/venkys-india-ltd/stocks/companyid-12827.cms,venkys-india-ltd,12827
Godawari Power & Ispat Ltd.,/godawari-power-ispat-ltd/stocks/companyid-18027.cms,godawari-power-ispat-ltd,18027
Phillips Carbon Black Ltd.,/phillips-carbon-black-ltd/stocks/companyid-13276.cms,phillips-carbon-black-ltd,13276
Graphite India Ltd.,/graphite-india-ltd/stocks/companyid-13916.cms,graphite-india-ltd,13916
Electrotherm (India) Ltd.,/electrotherm-india-ltd/stocks/companyid-4571.cms,electrotherm-india-ltd,4571
GE T&D India Ltd.,/ge-td-india-ltd/stocks/companyid-13800.cms,ge-td-india-ltd,13800
Bharat Dynamics Ltd.,/bharat-dynamics-ltd/stocks/companyid-4722.cms,bharat-dynamics-ltd,4722
Blue Dart Express Ltd.,/blue-dart-express-ltd/stocks/companyid-8985.cms,blue-dart-express-ltd,8985
Kirloskar Brothers Ltd.,/kirloskar-brothers-ltd/stocks/companyid-13470.cms,kirloskar-brothers-ltd,13470
Sanofi India Ltd.,/sanofi-india-ltd/stocks/companyid-13607.cms,sanofi-india-ltd,13607
Narayana Hrudayalaya Ltd.,/narayana-hrudayalaya-ltd/stocks/companyid-47955.cms,narayana-hrudayalaya-ltd,47955
Bata India Ltd.,/bata-india-ltd/stocks/companyid-13974.cms,bata-india-ltd,13974
Force Motors Ltd.,/force-motors-ltd/stocks/companyid-14011.cms,force-motors-ltd,14011
AIA Engineering Ltd.,/aia-engineering-ltd/stocks/companyid-17637.cms,aia-engineering-ltd,17637
Future Consumer Ltd.,/future-consumer-ltd/stocks/companyid-33818.cms,future-consumer-ltd,33818
BEML Ltd.,/beml-ltd/stocks/companyid-11975.cms,beml-ltd,11975
Mahanagar Gas Ltd.,/mahanagar-gas-ltd/stocks/companyid-4331.cms,mahanagar-gas-ltd,4331
Godfrey Phillips India Ltd.,/godfrey-phillips-india-ltd/stocks/companyid-13707.cms,godfrey-phillips-india-ltd,13707
Finolex Cables Ltd.,/finolex-cables-ltd/stocks/companyid-13759.cms,finolex-cables-ltd,13759
Procter & Gamble Hygiene & Healthcare Ltd.,/procter-gamble-hygiene-healthcare-ltd/stocks/companyid-13253.cms,procter-gamble-hygiene-healthcare-ltd,13253
Finolex Industries Ltd.,/finolex-industries-ltd/stocks/companyid-13760.cms,finolex-industries-ltd,13760
3M India Ltd.,/3m-india-ltd/stocks/companyid-12690.cms,3m-india-ltd,12690
Heritage Foods Ltd.,/heritage-foods-ltd/stocks/companyid-8582.cms,heritage-foods-ltd,8582
Ujjivan Small Finance Bank Ltd.,/ujjivan-small-finance-bank-ltd/stocks/companyid-66383.cms,ujjivan-small-finance-bank-ltd,66383
State Trading Corporation Of India Ltd.,/state-trading-corporation-of-india-ltd/stocks/companyid-11441.cms,state-trading-corporation-of-india-ltd,11441
Prime Focus Ltd.,/prime-focus-ltd/stocks/companyid-18097.cms,prime-focus-ltd,18097
Prakash Industries Ltd.,/prakash-industries-ltd/stocks/companyid-13269.cms,prakash-industries-ltd,13269
Suzlon Energy Ltd.,/suzlon-energy-ltd/stocks/companyid-1209.cms,suzlon-energy-ltd,1209
J Kumar Infraprojects Ltd.,/j-kumar-infraprojects-ltd/stocks/companyid-20692.cms,j-kumar-infraprojects-ltd,20692
Mukand Ltd.,/mukand-ltd/stocks/companyid-13382.cms,mukand-ltd,13382
Sanwaria Consumer Ltd.,/sanwaria-consumer-ltd/stocks/companyid-10766.cms,sanwaria-consumer-ltd,10766
Wockhardt Ltd.,/wockhardt-ltd/stocks/companyid-3731.cms,wockhardt-ltd,3731
Page Industries Ltd.,/page-industries-ltd/stocks/companyid-762.cms,page-industries-ltd,762
Ujjivan Financial Services Ltd.,/ujjivan-financial-services-ltd/stocks/companyid-32209.cms,ujjivan-financial-services-ltd,32209
Jai Balaji Industries Ltd.,/jai-balaji-industries-ltd/stocks/companyid-17929.cms,jai-balaji-industries-ltd,17929
SKF India Ltd.,/skf-india-ltd/stocks/companyid-13139.cms,skf-india-ltd,13139
Equitas Holdings Ltd.,/equitas-holdings-ltd/stocks/companyid-44332.cms,equitas-holdings-ltd,44332
Dhani Services Ltd.,/dhani-services-ltd/stocks/companyid-14852.cms,dhani-services-ltd,14852
Godrej Properties Ltd.,/godrej-properties-ltd/stocks/companyid-5733.cms,godrej-properties-ltd,5733
Strides Pharma Science Ltd.,/strides-pharma-science-ltd/stocks/companyid-2118.cms,strides-pharma-science-ltd,2118
ITD Cementation India Ltd.,/itd-cementation-india-ltd/stocks/companyid-13902.cms,itd-cementation-india-ltd,13902
Nava Bharat Ventures Ltd.,/nava-bharat-ventures-ltd/stocks/companyid-12669.cms,nava-bharat-ventures-ltd,12669
Minda Corporation Ltd.,/minda-corporation-ltd/stocks/companyid-30624.cms,minda-corporation-ltd,30624
Laurus Labs Ltd.,/laurus-labs-ltd/stocks/companyid-61545.cms,laurus-labs-ltd,61545
Kajaria Ceramics Ltd.,/kajaria-ceramics-ltd/stocks/companyid-13489.cms,kajaria-ceramics-ltd,13489
Patel Engineering Ltd.,/patel-engineering-ltd/stocks/companyid-4443.cms,patel-engineering-ltd,4443
Gujarat Fluorochemicals Ltd.,/gujarat-fluorochemicals-ltd/stocks/companyid-1944774.cms,gujarat-fluorochemicals-ltd,1944774
Gujarat Alkalies & Chemicals Ltd.,/gujarat-alkalies-chemicals-ltd/stocks/companyid-13690.cms,gujarat-alkalies-chemicals-ltd,13690
RSWM Ltd.,/rswm-ltd/stocks/companyid-13232.cms,rswm-ltd,13232
Forbes & Company Ltd.,/forbes-company-ltd/stocks/companyid-13711.cms,forbes-company-ltd,13711
Filatex India Ltd.,/filatex-india-ltd/stocks/companyid-10678.cms,filatex-india-ltd,10678
EPL Ltd.,/epl-ltd/stocks/companyid-13764.cms,epl-ltd,13764
Transport Corporation of India Ltd.,/transport-corporation-of-india-ltd/stocks/companyid-12950.cms,transport-corporation-of-india-ltd,12950
GFL Ltd.,/gfl-ltd/stocks/companyid-13641.cms,gfl-ltd,13641
Electrosteel Castings Ltd.,/electrosteel-castings-ltd/stocks/companyid-13811.cms,electrosteel-castings-ltd,13811
Rites Ltd.,/rites-ltd/stocks/companyid-18469.cms,rites-ltd,18469
Supreme Petrochem Ltd.,/supreme-petrochem-ltd/stocks/companyid-10588.cms,supreme-petrochem-ltd,10588
BGR Energy Systems Ltd.,/bgr-energy-systems-ltd/stocks/companyid-20378.cms,bgr-energy-systems-ltd,20378
Mangalore Chemicals & Fertilizers Ltd.,/mangalore-chemicals-fertilizers-ltd/stocks/companyid-13420.cms,mangalore-chemicals-fertilizers-ltd,13420
Emami Ltd.,/emami-ltd/stocks/companyid-5619.cms,emami-ltd,5619
Brightcom Group Ltd.,/brightcom-group-ltd/stocks/companyid-2120.cms,brightcom-group-ltd,2120
Akzo Nobel India Ltd.,/akzo-nobel-india-ltd/stocks/companyid-13601.cms,akzo-nobel-india-ltd,13601
Maharashtra Seamless Ltd.,/maharashtra-seamless-ltd/stocks/companyid-12199.cms,maharashtra-seamless-ltd,12199
Usha Martin Ltd.,/usha-martin-ltd/stocks/companyid-12833.cms,usha-martin-ltd,12833
Granules India Ltd.,/granules-india-ltd/stocks/companyid-6991.cms,granules-india-ltd,6991
Kesoram Industries Ltd.,/kesoram-industries-ltd/stocks/companyid-13474.cms,kesoram-industries-ltd,13474
Brigade Enterprises Ltd.,/brigade-enterprises-ltd/stocks/companyid-20445.cms,brigade-enterprises-ltd,20445
Ajanta Pharma Ltd.,/ajanta-pharma-ltd/stocks/companyid-3723.cms,ajanta-pharma-ltd,3723
Wheels India Ltd.,/wheels-india-ltd/stocks/companyid-12794.cms,wheels-india-ltd,12794
Spencer's Retail Ltd.,/spencers-retail-ltd/stocks/companyid-69232.cms,spencers-retail-ltd,69232
JSW Ispat Special Products Ltd.,/jsw-ispat-special-products-ltd/stocks/companyid-10737.cms,jsw-ispat-special-products-ltd,10737
Asahi India Glass Ltd.,/asahi-india-glass-ltd/stocks/companyid-14039.cms,asahi-india-glass-ltd,14039
Carborundum Universal Ltd.,/carborundum-universal-ltd/stocks/companyid-13909.cms,carborundum-universal-ltd,13909
Ratnamani Metals & Tubes Ltd.,/ratnamani-metals-tubes-ltd/stocks/companyid-10915.cms,ratnamani-metals-tubes-ltd,10915
Shankara Building Products Ltd.,/shankara-building-products-ltd/stocks/companyid-65742.cms,shankara-building-products-ltd,65742
Adani Green Energy Ltd.,/adani-green-energy-ltd/stocks/companyid-64847.cms,adani-green-energy-ltd,64847
Linde India Ltd.,/linde-india-ltd/stocks/companyid-13590.cms,linde-india-ltd,13590
Orient Cement Ltd.,/orient-cement-ltd/stocks/companyid-41253.cms,orient-cement-ltd,41253
GE Power India Ltd.,/ge-power-india-ltd/stocks/companyid-3714.cms,ge-power-india-ltd,3714
Galaxy Surfactants Ltd.,/galaxy-surfactants-ltd/stocks/companyid-3790.cms,galaxy-surfactants-ltd,3790
Huhtamaki India Ltd.,/huhtamaki-india-ltd/stocks/companyid-13313.cms,huhtamaki-india-ltd,13313
Va Tech Wabag Ltd.,/va-tech-wabag-ltd/stocks/companyid-20188.cms,va-tech-wabag-ltd,20188
Astral Poly Technik Ltd.,/astral-poly-technik-ltd/stocks/companyid-15686.cms,astral-poly-technik-ltd,15686
HIL Ltd.,/hil-ltd/stocks/companyid-13614.cms,hil-ltd,13614
Avadh Sugar & Energy Ltd.,/avadh-sugar-energy-ltd/stocks/companyid-61297.cms,avadh-sugar-energy-ltd,61297
Magma Fincorp Ltd.,/magma-fincorp-ltd/stocks/companyid-8917.cms,magma-fincorp-ltd,8917
Sakuma Exports Ltd.,/sakuma-exports-ltd/stocks/companyid-16050.cms,sakuma-exports-ltd,16050
West Coast Paper Mills Ltd.,/west-coast-paper-mills-ltd/stocks/companyid-12818.cms,west-coast-paper-mills-ltd,12818
KNR Constructions Ltd.,/knr-constructions-ltd/stocks/companyid-15274.cms,knr-constructions-ltd,15274
V-Guard Industries Ltd.,/v-guard-industries-ltd/stocks/companyid-4264.cms,v-guard-industries-ltd,4264
Renaissance Global Ltd.,/renaissance-global-ltd/stocks/companyid-16916.cms,renaissance-global-ltd,16916
Jayant Agro Organics Ltd.,/jayant-agro-organics-ltd/stocks/companyid-10759.cms,jayant-agro-organics-ltd,10759
MEP Infrastructure Developers Ltd.,/mep-infrastructure-developers-ltd/stocks/companyid-59894.cms,mep-infrastructure-developers-ltd,59894
Parag Milk Foods Ltd.,/parag-milk-foods-ltd/stocks/companyid-45605.cms,parag-milk-foods-ltd,45605
Sutlej Textiles & Industries Ltd.,/sutlej-textiles-industries-ltd/stocks/companyid-19684.cms,sutlej-textiles-industries-ltd,19684
Radico Khaitan Ltd.,/radico-khaitan-ltd/stocks/companyid-12315.cms,radico-khaitan-ltd,12315
Sumitomo Chemical India Ltd.,/sumitomo-chemical-india-ltd/stocks/companyid-49672.cms,sumitomo-chemical-india-ltd,49672
Mahindra Holidays & Resorts India Ltd.,/mahindra-holidays-resorts-india-ltd/stocks/companyid-16639.cms,mahindra-holidays-resorts-india-ltd,16639
GTPL Hathway Ltd.,/gtpl-hathway-ltd/stocks/companyid-32586.cms,gtpl-hathway-ltd,32586
Himatsingka Seide Ltd.,/himatsingka-seide-ltd/stocks/companyid-13651.cms,himatsingka-seide-ltd,13651
Relaxo Footwears Ltd.,/relaxo-footwears-ltd/stocks/companyid-7829.cms,relaxo-footwears-ltd,7829
Religare Enterprises Ltd.,/religare-enterprises-ltd/stocks/companyid-20026.cms,religare-enterprises-ltd,20026
Siyaram Silk Mills Ltd.,/siyaram-silk-mills-ltd/stocks/companyid-13098.cms,siyaram-silk-mills-ltd,13098
Nectar Lifesciences Ltd.,/nectar-lifesciences-ltd/stocks/companyid-16819.cms,nectar-lifesciences-ltd,16819
Motilal Oswal Financial Services Ltd.,/motilal-oswal-financial-services-ltd/stocks/companyid-18715.cms,motilal-oswal-financial-services-ltd,18715
Indian Railway Catering & Tourism Corporation Ltd.,/indian-railway-catering-tourism-corporation-ltd/stocks/companyid-16705.cms,indian-railway-catering-tourism-corporation-ltd,16705
Pfizer Ltd.,/pfizer-ltd/stocks/companyid-13274.cms,pfizer-ltd,13274
HT Media Ltd.,/ht-media-ltd/stocks/companyid-16087.cms,ht-media-ltd,16087
Century Plyboards (India) Ltd.,/century-plyboards-india-ltd/stocks/companyid-2122.cms,century-plyboards-india-ltd,2122
Hindusthan National Glass & Industries Ltd.,/hindusthan-national-glass-industries-ltd/stocks/companyid-11723.cms,hindusthan-national-glass-industries-ltd,11723
NIIT Ltd.,/niit-ltd/stocks/companyid-10952.cms,niit-ltd,10952
Mahanagar Telephone Nigam Ltd.,/mahanagar-telephone-nigam-ltd/stocks/companyid-12462.cms,mahanagar-telephone-nigam-ltd,12462
Rallis India Ltd.,/rallis-india-ltd/stocks/companyid-13204.cms,rallis-india-ltd,13204
HEG Ltd.,/heg-ltd/stocks/companyid-13630.cms,heg-ltd,13630
Oberoi Realty Ltd.,/oberoi-realty-ltd/stocks/companyid-32621.cms,oberoi-realty-ltd,32621
Solar Industries India Ltd.,/solar-industries-india-ltd/stocks/companyid-15283.cms,solar-industries-india-ltd,15283
Nilkamal Ltd.,/nilkamal-ltd/stocks/companyid-12002.cms,nilkamal-ltd,12002
IFCI Ltd.,/ifci-ltd/stocks/companyid-10625.cms,ifci-ltd,10625
ITI Ltd.,/iti-ltd/stocks/companyid-11699.cms,iti-ltd,11699
Take Solutions Ltd.,/take-solutions-ltd/stocks/companyid-18603.cms,take-solutions-ltd,18603
DB Corp Ltd.,/db-corp-ltd/stocks/companyid-30711.cms,db-corp-ltd,30711
Rane Holdings Ltd.,/rane-holdings-ltd/stocks/companyid-13219.cms,rane-holdings-ltd,13219
Johnson Controls-Hitachi Air Conditioning India Ltd.,/johnson-controls-hitachi-air-conditioning-india-ltd/stocks/companyid-12710.cms,johnson-controls-hitachi-air-conditioning-india-ltd,12710
HG Infra Engineering Ltd.,/hg-infra-engineering-ltd/stocks/companyid-67525.cms,hg-infra-engineering-ltd,67525
Cosmo Films Ltd.,/cosmo-films-ltd/stocks/companyid-13854.cms,cosmo-films-ltd,13854
Heidelberg Cement India Ltd.,/heidelberg-cement-india-ltd/stocks/companyid-13339.cms,heidelberg-cement-india-ltd,13339
Sheela Foam Ltd.,/sheela-foam-ltd/stocks/companyid-61459.cms,sheela-foam-ltd,61459
Jindal Worldwide Ltd.,/jindal-worldwide-ltd/stocks/companyid-5038.cms,jindal-worldwide-ltd,5038
Indo Rama Synthetics (India) Ltd.,/indo-rama-synthetics-india-ltd/stocks/companyid-13541.cms,indo-rama-synthetics-india-ltd,13541
Puravankara Ltd.,/puravankara-ltd/stocks/companyid-20136.cms,puravankara-ltd,20136
Gokul Refoils & Solvent Ltd.,/gokul-refoils-solvent-ltd/stocks/companyid-21324.cms,gokul-refoils-solvent-ltd,21324
KPIT Technologies Ltd.,/kpit-technologies-ltd/stocks/companyid-69000.cms,kpit-technologies-ltd,69000
Power Mech Projects Ltd.,/power-mech-projects-ltd/stocks/companyid-61181.cms,power-mech-projects-ltd,61181
Dalmia Bharat Sugar and Industries Ltd.,/dalmia-bharat-sugar-and-industries-ltd/stocks/companyid-13862.cms,dalmia-bharat-sugar-and-industries-ltd,13862
Syngene International Ltd.,/syngene-international-ltd/stocks/companyid-303.cms,syngene-international-ltd,303
Orient Electric Ltd.,/orient-electric-ltd/stocks/companyid-66440.cms,orient-electric-ltd,66440
HDFC Asset Management Company Ltd.,/hdfc-asset-management-company-ltd/stocks/companyid-14723.cms,hdfc-asset-management-company-ltd,14723
Indo Count Industries Ltd.,/indo-count-industries-ltd/stocks/companyid-13576.cms,indo-count-industries-ltd,13576
Tinplate Company of India Ltd.,/tinplate-company-of-india-ltd/stocks/companyid-12927.cms,tinplate-company-of-india-ltd,12927
Jagran Prakashan Ltd.,/jagran-prakashan-ltd/stocks/companyid-17767.cms,jagran-prakashan-ltd,17767
VRL Logistics Ltd.,/vrl-logistics-ltd/stocks/companyid-46612.cms,vrl-logistics-ltd,46612
