,name,scdid,scid,nseId,bseId,stkname,scdid_href,stkname_href,href
0,3M India,MI42,B3M,3MINDIA,523395,3mindia,MI42,3mindia,https://www.moneycontrol.com/india/stockpricequote/diversified/3mindia/MI42
1,Aarti Drugs,AD,AD,AARTIDRUGS,524348,aartidrugs,AD,aartidrugs,https://www.moneycontrol.com/india/stockpricequote/pharmaceuticals/aartidrugs/AD
2,Aarti Ind,AI45,AI,AARTIIND,524208,aartiindustries,AI45,aartiindustries,https://www.moneycontrol.com/india/stockpricequote/chemicals/aartiindustries/AI45
3,AAVAS Financier,AF17,AF32,AAVAS,541988,aavasfinanciers,AF17,aavasfinanciers,https://www.moneycontrol.com/india/stockpricequote/financegeneral/aavasfinanciers/AF17
4,AB Capital,ABC9,ABC07,ABCAPITAL,540691,adityabirlacapital,ABC9,adityabirlacapital,https://www.moneycontrol.com/india/stockpricequote/financeinvestments/adityabirlacapital/ABC9
5,ABB India,ABB,ABB,ABB,500002,abbindia,ABB,abbindia,https://www.moneycontrol.com/india/stockpricequote/infrastructuregeneral/abbindia/ABB
6,Abbott India,AI51,KP,ABBOTINDIA,500488,abbottindia,AI51,abbottindia,https://www.moneycontrol.com/india/stockpricequote/pharmaceuticals/abbottindia/AI51
7,ACC,ACC06,ACC,ACC,500410,acc,ACC06,acc,https://www.moneycontrol.com/india/stockpricequote/cementmajor/acc/ACC06
8,Adani Enterpris,AE13,AE01,ADANIENT,512599,adanienterprises,AE13,adanienterprises,https://www.moneycontrol.com/india/stockpricequote/trading/adanienterprises/AE13
9,Adani Ports,MPS,MPS,ADANIPORTS,532921,adaniportsspecialeconomiczone,MPS,adaniportsspecialeconomiczone,https://www.moneycontrol.com/india/stockpricequote/infrastructuregeneral/adaniportsspecialeconomiczone/MPS
10,Adani Power,AP11,AP26,ADANIPOWER,533096,adanipower,AP11,adanipower,https://www.moneycontrol.com/india/stockpricequote/powergenerationdistribution/adanipower/AP11
11,Adani Total Gas,ADG01,ADG01,ATGL,542066,adanitotalgas,ADG01,adanitotalgas,https://www.moneycontrol.com/india/stockpricequote/adanitotalgas/adanitotalgas/ADG01
12,Adani Trans,AT22,AT18,ADANITRANS,539254,adanitransmission,AT22,adanitransmission,https://www.moneycontrol.com/india/stockpricequote/powertransmissionequipment/adanitransmission/AT22
13,Aditya Birla F,PFR,PFR,ABFRL,535755,adityabirlafashionretail,PFR,adityabirlafashionretail,https://www.moneycontrol.com/india/stockpricequote/retail/adityabirlafashionretail/PFR
14,Advanced Enzyme,AET,AET02,ADVENZYMES,540025,advancedenzymetechnologies,AET,advancedenzymetechnologies,https://www.moneycontrol.com/india/stockpricequote/pharmaceuticals/advancedenzymetechnologies/AET
15,Aegis Logistics,AL9,AC02,AEGISCHEM,500003,aegislogistics,AL9,aegislogistics,https://www.moneycontrol.com/india/stockpricequote/transportlogistics/aegislogistics/AL9
16,AIA Engineering,AIE01,AIE01,AIAENG,532683,aiaengineering,AIE01,aiaengineering,https://www.moneycontrol.com/india/stockpricequote/castingsforgings/aiaengineering/AIE01
17,Ajanta Pharma,AP22,AP22,AJANTPHARM,532331,ajantapharma,AP22,ajantapharma,https://www.moneycontrol.com/india/stockpricequote/pharmaceuticals/ajantapharma/AP22
18,Akzo Nobel,ICI,ICI,AKZOINDIA,500710,akzonobelindia,ICI,akzonobelindia,https://www.moneycontrol.com/india/stockpricequote/paintsvarnishes/akzonobelindia/ICI
19,Alembic Pharma,AP35,AP29,APLLTD,533573,alembicpharmaceuticals,AP35,alembicpharmaceuticals,https://www.moneycontrol.com/india/stockpricequote/pharmaceuticals/alembicpharmaceuticals/AP35
20,Alkem Lab,AL05,AL16,ALKEM,539523,alkemlaboratories,AL05,alkemlaboratories,https://www.moneycontrol.com/india/stockpricequote/pharmaceuticals/alkemlaboratories/AL05
21,Alkyl Amines,AAC,AAC,ALKYLAMINE,506767,alkylamineschemicals,AAC,alkylamineschemicals,https://www.moneycontrol.com/india/stockpricequote/chemicals/alkylamineschemicals/AAC
22,Allcargo,AGL02,AGL02,ALLCARGO,532749,allcargologistics,AGL02,allcargologistics,https://www.moneycontrol.com/india/stockpricequote/transportlogistics/allcargologistics/AGL02
23,Alok Industries,AI54,ATI,ALOKINDS,521070,alokindustries,AI54,alokindustries,https://www.moneycontrol.com/india/stockpricequote/textilesweaving/alokindustries/AI54
24,Amara Raja Batt,ARB,ARB,AMARAJABAT,500008,amararajabatteries,ARB,amararajabatteries,https://www.moneycontrol.com/india/stockpricequote/autoancillaries/amararajabatteries/ARB
25,Amber Enterpris,AEI01,AEI01,AMBER,540902,amberenterprisesindialimited,AEI01,amberenterprisesindialimited,https://www.moneycontrol.com/india/stockpricequote/miscellaneous/amberenterprisesindialimited/AEI01
26,Ambuja Cements,AC18,GAC,AMBUJACEM,500425,ambujacements,AC18,ambujacements,https://www.moneycontrol.com/india/stockpricequote/cementmajor/ambujacements/AC18
27,APL Apollo,BT09,BT09,APLAPOLLO,533758,aplapollotubes,BT09,aplapollotubes,https://www.moneycontrol.com/india/stockpricequote/steeltubespipes/aplapollotubes/BT09
28,Apollo Hospital,AHE,AHE,APOLLOHOSP,508869,apollohospitalsenterprises,AHE,apollohospitalsenterprises,https://www.moneycontrol.com/india/stockpricequote/hospitalsmedicalservices/apollohospitalsenterprises/AHE
29,Apollo Tyres,AT14,AT,APOLLOTYRE,500877,apollotyres,AT14,apollotyres,https://www.moneycontrol.com/india/stockpricequote/tyres/apollotyres/AT14
30,Ashok Leyland,AL,AL,ASHOKLEY,500477,ashokleyland,AL,ashokleyland,https://www.moneycontrol.com/india/stockpricequote/autolcvshcvs/ashokleyland/AL
31,Ashoka Buildcon,AB,AB,ASHOKA,533271,ashokabuildcon,AB,ashokabuildcon,https://www.moneycontrol.com/india/stockpricequote/constructioncontractingcivil/ashokabuildcon/AB
32,Asian Paints,AP31,API,ASIANPAINT,500820,asianpaints,AP31,asianpaints,https://www.moneycontrol.com/india/stockpricequote/paintsvarnishes/asianpaints/AP31
33,Aster DM Health,ADH,ADH,ASTERDM,540975,asterdmhealthcareltd,ADH,asterdmhealthcareltd,https://www.moneycontrol.com/india/stockpricequote/diversified/asterdmhealthcareltd/ADH
34,Astral Poly Tec,APT02,APT02,ASTRAL,532830,astralpolytechnik,APT02,astralpolytechnik,https://www.moneycontrol.com/india/stockpricequote/plastics/astralpolytechnik/APT02
35,AstraZeneca,AZP,AID,ASTRAZEN,506820,astrazenecapharma,AZP,astrazenecapharma,https://www.moneycontrol.com/india/stockpricequote/pharmaceuticals/astrazenecapharma/AZP
36,Atul,A06,A06,ATUL,500027,atul,A06,atul,https://www.moneycontrol.com/india/stockpricequote/chemicals/atul/A06
37,AU Small Financ,ASF02,ASF03,AUBANK,540611,ausmallfinancebank,ASF02,ausmallfinancebank,https://www.moneycontrol.com/india/stockpricequote/banksprivatesector/ausmallfinancebank/ASF02
38,Aurobindo Pharm,AP,AP,AUROPHARMA,524804,aurobindopharma,AP,aurobindopharma,https://www.moneycontrol.com/india/stockpricequote/pharmaceuticals/aurobindopharma/AP
39,Avanti Feeds,AF21,AF21,AVANTIFEED,512573,avantifeeds,AF21,avantifeeds,https://www.moneycontrol.com/india/stockpricequote/aquaculture/avantifeeds/AF21
40,Avenue Supermar,AS19,AS28,DMART,540376,avenuesupermarts,AS19,avenuesupermarts,https://www.moneycontrol.com/india/stockpricequote/retail/avenuesupermarts/AS19
41,Axis Bank,AB16,UTI10,AXISBANK,532215,axisbank,AB16,axisbank,https://www.moneycontrol.com/india/stockpricequote/banksprivatesector/axisbank/AB16
42,Bajaj Auto,BA10,BA06,BAJAJ-AUTO,532977,bajajauto,BA10,bajajauto,https://www.moneycontrol.com/india/stockpricequote/auto23wheelers/bajajauto/BA10
43,Bajaj Consumer,BC02,BC14,BAJAJCON,533229,bajajconsumercare,BC02,bajajconsumercare,https://www.moneycontrol.com/india/stockpricequote/personalcare/bajajconsumercare/BC02
44,Bajaj Electric,BE,BE,BAJAJELEC,500031,bajajelectricals,BE,bajajelectricals,https://www.moneycontrol.com/india/stockpricequote/domesticappliances/bajajelectricals/BE
45,Bajaj Finance,BAF,BAF,BAJFINANCE,500034,bajajfinance,BAF,bajajfinance,https://www.moneycontrol.com/india/stockpricequote/financeleasinghirepurchase/bajajfinance/BAF
46,Bajaj Finserv,BF04,BF04,BAJAJFINSV,532978,bajajfinserv,BF04,bajajfinserv,https://www.moneycontrol.com/india/stockpricequote/financeinvestments/bajajfinserv/BF04
47,Bajaj Holdings,BHI,BA,BAJAJHLDNG,500490,bajajholdingsinvestment,BHI,bajajholdingsinvestment,https://www.moneycontrol.com/india/stockpricequote/financeinvestments/bajajholdingsinvestment/BHI
48,Balkrishna Ind,BI03,BI03,BALKRISIND,502355,balkrishnaindustries,BI03,balkrishnaindustries,https://www.moneycontrol.com/india/stockpricequote/tyres/balkrishnaindustries/BI03
49,Balmer Lawrie,BLC,BLC,BALMLAWRIE,523319,balmerlawriecompany,BLC,balmerlawriecompany,https://www.moneycontrol.com/india/stockpricequote/diversified/balmerlawriecompany/BLC
50,Balrampur Chini,BCM,BCM,BALRAMCHIN,500038,balrampurchinimills,BCM,balrampurchinimills,https://www.moneycontrol.com/india/stockpricequote/sugar/balrampurchinimills/BCM
51,Bandhan Bank,BB09,BB09,BANDHANBNK,541153,bandhanbank,BB09,bandhanbank,https://www.moneycontrol.com/india/stockpricequote/banksprivatesector/bandhanbank/BB09
52,Bank of Baroda,BOB,BOB,BANKBARODA,532134,bankbaroda,BOB,bankofbaroda,https://www.moneycontrol.com/india/stockpricequote/bankspublicsector/bankofbaroda/BOB
53,Bank of India,BOI,BOI,BANKINDIA,532149,bankindia,BOI,bankofindia,https://www.moneycontrol.com/india/stockpricequote/bankspublicsector/bankofindia/BOI
54,Bank of Mah,BM05,BM05,MAHABANK,532525,bankmaharashtra,BM05,bankmaharashtra,https://www.moneycontrol.com/india/stockpricequote/bankspublicsector/bankmaharashtra/BM05
55,BASF,BAS,BAS,BASF,500042,basfindia,BAS,basfindia,https://www.moneycontrol.com/india/stockpricequote/chemicals/basfindia/BAS
56,Bata India,BI01,BI01,BATAINDIA,500043,bataindia,BI01,bataindia,https://www.moneycontrol.com/india/stockpricequote/leatherproducts/bataindia/BI01
57,Bayer CropScien,BC12,HSA01,BAYERCROP,506285,bayercropscience,BC12,bayercropscience,https://www.moneycontrol.com/india/stockpricequote/pesticidesagrochemicals/bayercropscience/BC12
58,BEML,BEM03,BEM,BEML,500048,beml,BEM03,beml,https://www.moneycontrol.com/india/stockpricequote/infrastructuregeneral/beml/BEM03
59,Berger Paints,BPI02,BPI02,BERGEPAINT,509480,bergerpaintsindia,BPI02,bergerpaintsindia,https://www.moneycontrol.com/india/stockpricequote/paintsvarnishes/bergerpaintsindia/BPI02
60,Bharat Dynamics,BDL01,BDL01,BDL,541143,bharatdynamicsltd,BDL01,bharatdynamicsltd,https://www.moneycontrol.com/india/stockpricequote/miscellaneous/bharatdynamicsltd/BDL01
61,Bharat Elec,BE03,BE03,BEL,500049,bharatelectronics,BE03,bharatelectronics,https://www.moneycontrol.com/india/stockpricequote/electricals/bharatelectronics/BE03
62,Bharat Forge,BF03,BFC,BHARATFORG,500493,bharatforge,BF03,bharatforge,https://www.moneycontrol.com/india/stockpricequote/castingsforgings/bharatforge/BF03
63,Bharti Airtel,BA08,BTV,BHARTIARTL,532454,bhartiairtel,BA08,bhartiairtel,https://www.moneycontrol.com/india/stockpricequote/telecommunicationsservice/bhartiairtel/BA08
64,BHEL,BHE,BHE,BHEL,500103,bharatheavyelectricals,BHE,bharatheavyelectricals,https://www.moneycontrol.com/india/stockpricequote/infrastructuregeneral/bharatheavyelectricals/BHE
65,Biocon,BL03,BL03,BIOCON,532523,biocon,BL03,biocon,https://www.moneycontrol.com/india/stockpricequote/pharmaceuticals/biocon/BL03
66,Birla Corp,BC07,BC07,BIRLACORPN,500335,birlacorporation,BC07,birlacorporation,https://www.moneycontrol.com/india/stockpricequote/cementmajor/birlacorporation/BC07
67,Birlasoft,KPI02,KPI01,BSOFT,532400,birlasoft,KPI02,birlasoft,https://www.moneycontrol.com/india/stockpricequote/computerssoftwaremediumsmall/birlasoft/KPI02
68,Bliss GVS,BGV,BCP01,BLISSGVS,506197,blissgvspharma,BGV,blissgvspharma,https://www.moneycontrol.com/india/stockpricequote/pharmaceuticals/blissgvspharma/BGV
69,Blue Dart,BDE,BDE,BLUEDART,526612,bluedartexpress,BDE,bluedartexpress,https://www.moneycontrol.com/india/stockpricequote/couriers/bluedartexpress/BDE
70,Blue Star,BS,BS,BLUESTARCO,500067,bluestar,BS,bluestar,https://www.moneycontrol.com/india/stockpricequote/consumergoodswhitegoods/bluestar/BS
71,Bombay Burmah,BBT,BBT,BBTC,501425,bombayburmahtradingcorporation,BBT,bombayburmahtradingcorporation,https://www.moneycontrol.com/india/stockpricequote/plantationsteacoffee/bombayburmahtradingcorporation/BBT
72,Bombay Dyeing,BDM,BDM,BOMDYEING,500020,bombaydyeingmanufacturingcompany,BDM,bombaydyeingmanufacturingcompany,https://www.moneycontrol.com/india/stockpricequote/textilesprocessing/bombaydyeingmanufacturingcompany/BDM
73,Bosch,B05,MIC,BOSCHLTD,500530,bosch,B05,bosch,https://www.moneycontrol.com/india/stockpricequote/autoancillaries/bosch/B05
74,BPCL,BPC,BPC,BPCL,500547,bharatpetroleumcorporation,BPC,bharatpetroleumcorporation,https://www.moneycontrol.com/india/stockpricequote/refineries/bharatpetroleumcorporation/BPC
75,Brigade Ent,BE08,BE08,BRIGADE,532929,brigadeenterprises,BE08,brigadeenterprises,https://www.moneycontrol.com/india/stockpricequote/constructioncontractingrealestate/brigadeenterprises/BE08
76,Britannia,BI,BI,BRITANNIA,500825,britanniaindustries,BI,britanniaindustries,https://www.moneycontrol.com/india/stockpricequote/foodprocessing/britanniaindustries/BI
77,Cadila Health,CHC,CHC,CADILAHC,532321,cadilahealthcare,CHC,cadilahealthcare,https://www.moneycontrol.com/india/stockpricequote/pharmaceuticals/cadilahealthcare/CHC
78,Can Fin Homes,CFH,CFH,CANFINHOME,511196,canfinhomes,CFH,canfinhomes,https://www.moneycontrol.com/india/stockpricequote/financehousing/canfinhomes/CFH
79,Canara Bank,CB06,CB06,CANBK,532483,canarabank,CB06,canarabank,https://www.moneycontrol.com/india/stockpricequote/bankspublicsector/canarabank/CB06
80,Caplin Labs,CPL,CPL,CAPLIPOINT,524742,caplinpointlaboratories,CPL,caplinpointlaboratories,https://www.moneycontrol.com/india/stockpricequote/pharmaceuticals/caplinpointlaboratories/CPL
81,Capri Global,MMF05,DSL01,CGCL,531595,capriglobalcapital,MMF05,capriglobalcapital,https://www.moneycontrol.com/india/stockpricequote/financegeneral/capriglobalcapital/MMF05
82,Carborundum,CU,CU,CARBORUNIV,513375,carborundumuniversal,CU,carborundumuniversal,https://www.moneycontrol.com/india/stockpricequote/abrasives/carborundumuniversal/CU
83,CARE Ratings,CAR,CAR,CARERATING,534804,careratings,CAR,careratings,https://www.moneycontrol.com/india/stockpricequote/miscellaneous/careratings/CAR
84,Castrol,CI01,CI01,CASTROLIND,500870,castrolindia,CI01,castrolindia,https://www.moneycontrol.com/india/stockpricequote/lubricants/castrolindia/CI01
85,CCL Products,CC10,CC10,CCL,519600,cclproductsindia,CC10,cclproductsindia,https://www.moneycontrol.com/india/stockpricequote/plantationsteacoffee/cclproductsindia/CC10
86,Ceat,C07,C07,CEATLTD,500878,ceat,C07,ceat,https://www.moneycontrol.com/india/stockpricequote/tyres/ceat/C07
87,Central Bank,CBO01,CBO01,CENTRALBK,532885,centralbankindia,CBO01,centralbankindia,https://www.moneycontrol.com/india/stockpricequote/bankspublicsector/centralbankindia/CBO01
88,Century,CTI,CTI,CENTURYTEX,500040,centurytextilesindustries,CTI,centurytextilesindustries,https://www.moneycontrol.com/india/stockpricequote/diversified/centurytextilesindustries/CTI
89,CenturyPlyboard,CP9,CP9,CENTURYPLY,532548,centuryplyboards,CP9,centuryplyboards,https://www.moneycontrol.com/india/stockpricequote/miscellaneous/centuryplyboards/CP9
90,Cera Sanitary,CS18,MOF,CERA,532443,cerasanitaryware,CS18,cerasanitaryware,https://www.moneycontrol.com/india/stockpricequote/ceramicsgranite/cerasanitaryware/CS18
91,CESC,CES,CES,CESC,500084,cesc,CES,cesc,https://www.moneycontrol.com/india/stockpricequote/powergenerationdistribution/cesc/CES
92,CG Consumer,CGC01,CGC01,CROMPTON,539876,cromptongreavesconsumerelectrical,CGC01,cromptongreavesconsumerelectrical,https://www.moneycontrol.com/india/stockpricequote/electricals/cromptongreavesconsumerelectrical/CGC01
93,Chalet Hotels,CH03,CH03,CHALET,542399,chalethotels,CH03,chalethotels,https://www.moneycontrol.com/india/stockpricequote/hotels/chalethotels/CH03
94,Chambal Fert,CFC,CFC,CHAMBLFERT,500085,chambalfertiliserschemicals,CFC,chambalfertiliserschemicals,https://www.moneycontrol.com/india/stockpricequote/fertilisers/chambalfertiliserschemicals/CFC
95,Chennai Petro,CPC02,MR,CHENNPETRO,500110,chennaipetroleumcorporation,CPC02,chennaipetroleumcorporation,https://www.moneycontrol.com/india/stockpricequote/refineries/chennaipetroleumcorporation/CPC02
96,Cholamandalam,CDB,CIF01,CHOLAFIN,511243,cholamandalaminvestmentfinancecompany,CDB,cholamandalaminvestmentfinancecompany,https://www.moneycontrol.com/india/stockpricequote/financeleasinghirepurchase/cholamandalaminvestmentfinancecompany/CDB
97,Cholamandalam,TII,TII,CHOLAHLDNG,504973,cholamandalamfinancialholdings,TII,cholamandalamfinancialholdings,https://www.moneycontrol.com/india/stockpricequote/miscellaneous/cholamandalamfinancialholdings/TII
98,Cipla,C,C,CIPLA,500087,cipla,C,cipla,https://www.moneycontrol.com/india/stockpricequote/pharmaceuticals/cipla/C
99,City Union Bank,CUB,CUB,CUB,532210,cityunionbank,CUB,cityunionbank,https://www.moneycontrol.com/india/stockpricequote/banksprivatesector/cityunionbank/CUB
100,Coal India,CI11,CI29,COALINDIA,533278,coalindia,CI11,coalindia,https://www.moneycontrol.com/india/stockpricequote/miningminerals/coalindia/CI11
101,Cochin Shipyard,CS,CS17,COCHINSHIP,540678,cochinshipyard,CS,cochinshipyard,https://www.moneycontrol.com/india/stockpricequote/miscellaneous/cochinshipyard/CS
102,COFORGE LTD.,NII02,NII02,COFORGE,532541,coforgelimited,NII02,coforgelimited,https://www.moneycontrol.com/india/stockpricequote/computerssoftware/coforgelimited/NII02
103,Colgate,CPI,CPI,COLPAL,500830,colgatepalmoliveindia,CPI,colgatepalmoliveindia,https://www.moneycontrol.com/india/stockpricequote/personalcare/colgatepalmoliveindia/CPI
104,Container Corp,CCI,CCI,CONCOR,531344,containercorporationindia,CCI,containercorporationindia,https://www.moneycontrol.com/india/stockpricequote/transportlogistics/containercorporationindia/CCI
105,Coromandel Int,CI45,CF06,COROMANDEL,506395,coromandelinternational,CI45,coromandelinternational,https://www.moneycontrol.com/india/stockpricequote/fertilisers/coromandelinternational/CI45
106,CreditAccess Gr,CG03,CG02,CREDITACC,541770,creditaccessgrameen,CG03,creditaccessgrameen,https://www.moneycontrol.com/india/stockpricequote/financetermlendinginstitutions/creditaccessgrameen/CG03
107,CRISIL,CRI,CRI,CRISIL,500092,crisil,CRI,crisil,https://www.moneycontrol.com/india/stockpricequote/miscellaneous/crisil/CRI
108,Cummins,CI02,CI02,CUMMINSIND,500480,cumminsindia,CI02,cumminsindia,https://www.moneycontrol.com/india/stockpricequote/engines/cumminsindia/CI02
109,Cyient,IE07,IE07,CYIENT,532175,cyient,IE07,cyient,https://www.moneycontrol.com/india/stockpricequote/computerssoftware/cyient/IE07
110,Dabur India,DI,DI,DABUR,500096,daburindia,DI,daburindia,https://www.moneycontrol.com/india/stockpricequote/personalcare/daburindia/DI
111,Dalmia Bharat,OCL,OCL,DALBHARAT,542216,dalmiabharat,OCL,dalmiabharat,https://www.moneycontrol.com/india/stockpricequote/cementmajor/dalmiabharat/OCL
112,DB Corp,C13,C13,DBCORP,533151,dbcorp,C13,dbcorp,https://www.moneycontrol.com/india/stockpricequote/mediaentertainment/dbcorp/C13
113,DCB Bank,DCB01,DCB01,DCBBANK,532772,dcbbank,DCB01,dcbbank,https://www.moneycontrol.com/india/stockpricequote/banksprivatesector/dcbbank/DCB01
114,DCM Shriram,DCM02,DCM02,DCMSHRIRAM,523367,dcmshriram,DCM02,dcmshriram,https://www.moneycontrol.com/india/stockpricequote/diversified/dcmshriram/DCM02
115,Deepak Fert,DFP,DFP,DEEPAKFERT,500645,deepakfertilizerspetrochemicalscoprn,DFP,deepakfertilizerspetrochemicalscoprn,https://www.moneycontrol.com/india/stockpricequote/fertilisers/deepakfertilizerspetrochemicalscoprn/DFP
116,Deepak Nitrite,DN,DN,DEEPAKNTR,506401,deepaknitrite,DN,deepaknitrite,https://www.moneycontrol.com/india/stockpricequote/chemicals/deepaknitrite/DN
117,Delta Corp,DC11,AW,DELTACORP,532848,deltacorp,DC11,deltacorp,https://www.moneycontrol.com/india/stockpricequote/constructioncontractingrealestate/deltacorp/DC11
118,Dhanuka Agritec,DA01,DP04,DHANUKA,507717,dhanukaagritech,DA01,dhanukaagritech,https://www.moneycontrol.com/india/stockpricequote/pesticidesagrochemicals/dhanukaagritech/DA01
119,Dilip Buildcon,DB04,DB03,DBL,540047,dilipbuildcon,DB04,dilipbuildcon,https://www.moneycontrol.com/india/stockpricequote/constructioncontractingcivil/dilipbuildcon/DB04
120,Dish TV,DTV,DTV,DISHTV,532839,dishtvindia,DTV,dishtvindia,https://www.moneycontrol.com/india/stockpricequote/mediaentertainment/dishtvindia/DTV
121,Dishman Carboge,DCA,DCA,DCAL,540701,dishmancarbogenamcis,DCA,dishmancarbogenamcis,https://www.moneycontrol.com/india/stockpricequote/miscellaneous/dishmancarbogenamcis/DCA
122,Divis Labs,DL03,DL03,DIVISLAB,532488,divislaboratories,DL03,divislaboratories,https://www.moneycontrol.com/india/stockpricequote/pharmaceuticals/divislaboratories/DL03
123,Dixon Technolog,DT07,DT07,DIXON,540699,dixontechnologies,DT07,dixontechnologies,https://www.moneycontrol.com/india/stockpricequote/electricals/dixontechnologies/DT07
124,DLF,D04,D04,DLF,532868,dlf,D04,dlf,https://www.moneycontrol.com/india/stockpricequote/constructioncontractingrealestate/dlf/D04
125,Dr Lal PathLab,DLP01,DLP01,LALPATHLAB,539524,drlalpathlabs,DLP01,drlalpathlabs,https://www.moneycontrol.com/india/stockpricequote/pharmaceuticals/drlalpathlabs/DLP01
126,Dr Reddys Labs,DRL,DRL,DRREDDY,500124,drreddyslaboratories,DRL,drreddyslaboratories,https://www.moneycontrol.com/india/stockpricequote/pharmaceuticals/drreddyslaboratories/DRL
127,eClerx Services,eS06,ES07,ECLERX,532927,eclerxservices,eS06,eclerxservices,https://www.moneycontrol.com/india/stockpricequote/computerssoftwaremediumsmall/eclerxservices/eS06
128,Edelweiss,EC01,EC06,EDELWEISS,532922,edelweissfinancialservices,EC01,edelweissfinancialservices,https://www.moneycontrol.com/india/stockpricequote/financegeneral/edelweissfinancialservices/EC01
129,Eicher Motors,EM,EM,EICHERMOT,505200,eichermotors,EM,eichermotors,https://www.moneycontrol.com/india/stockpricequote/autolcvshcvs/eichermotors/EM
130,EID Parry,EID,EID,EIDPARRY,500125,eidparryindia,EID,eidparryindia,https://www.moneycontrol.com/india/stockpricequote/sugar/eidparryindia/EID
131,EIH,EIH,EIH,EIHOTEL,500840,eih,EIH,eih,https://www.moneycontrol.com/india/stockpricequote/hotels/eih/EIH
132,Emami,E06,E05,EMAMILTD,531162,emami,E06,emami,https://www.moneycontrol.com/india/stockpricequote/personalcare/emami/E06
133,Endurance Techn,ET01,ET04,ENDURANCE,540153,endurancetechnologies,ET01,endurancetechnologies,https://www.moneycontrol.com/india/stockpricequote/auto23wheelers/endurancetechnologies/ET01
134,EngineersInd,EI14,EI14,ENGINERSIN,532178,engineersindia,EI14,engineersindia,https://www.moneycontrol.com/india/stockpricequote/infrastructuregeneral/engineersindia/EI14
135,EPL,EP11,EP,EPL,500135,epl,EP11,epl,https://www.moneycontrol.com/india/stockpricequote/packaging/epl/EP11
136,Equitas Holding,EH03,EH03,EQUITAS,539844,equitasholdings,EH03,equitasholdings,https://www.moneycontrol.com/india/stockpricequote/financegeneral/equitasholdings/EH03
137,Esab India,EI06,EI06,ESABINDIA,500133,esabindia,EI06,esabindia,https://www.moneycontrol.com/india/stockpricequote/electrodesgraphite/esabindia/EI06
138,Escorts,E,E,ESCORTS,500495,escorts,E,escorts,https://www.moneycontrol.com/india/stockpricequote/autotractors/escorts/E
139,Exide Ind,EI,EI,EXIDEIND,500086,exideindustries,EI,exideindustries,https://www.moneycontrol.com/india/stockpricequote/autoancillaries/exideindustries/EI
140,FDC,FDC,FDC,FDC,531599,fdc,FDC,fdc,https://www.moneycontrol.com/india/stockpricequote/pharmaceuticals/fdc/FDC
141,Federal Bank,FB,FB,FEDERALBNK,500469,federalbank,FB,federalbank,https://www.moneycontrol.com/india/stockpricequote/banksprivatesector/federalbank/FB
142,Fine Organics,FOI,FOI,FINEORG,541557,fineorganicsindustries,FOI,fineorganicsindustries,https://www.moneycontrol.com/india/stockpricequote/miscellaneous/fineorganicsindustries/FOI
143,Finolex Cables,FC01,FC01,FINCABLES,500144,finolexcables,FC01,finolexcables,https://www.moneycontrol.com/india/stockpricequote/cablestelephone/finolexcables/FC01
144,Finolex Ind,FI,FI,FINPIPE,500940,finolexindustries,FI,finolexindustries,https://www.moneycontrol.com/india/stockpricequote/petrochemicals/finolexindustries/FI
145,Firstsource Sol,FS07,FS07,FSL,532809,firstsourcesolutions,FS07,firstsourcesolutions,https://www.moneycontrol.com/india/stockpricequote/computerssoftwaremediumsmall/firstsourcesolutions/FS07
146,Force Motors,FM01,BT,FORCEMOT,500033,forcemotors,FM01,forcemotors,https://www.moneycontrol.com/india/stockpricequote/autolcvshcvs/forcemotors/FM01
147,Fortis Health,FH,FH,FORTIS,532843,fortishealthcare,FH,fortishealthcare,https://www.moneycontrol.com/india/stockpricequote/hospitalsmedicalservices/fortishealthcare/FH
148,Future Consumer,FVI,FVI,FCONSUMER,533400,futureconsumer,FVI,futureconsumer,https://www.moneycontrol.com/india/stockpricequote/foodprocessing/futureconsumer/FVI
149,Future Retail,FR,FR,FRETAIL,540064,futureretail,FR,futureretail,https://www.moneycontrol.com/india/stockpricequote/retail/futureretail/FR
150,GAIL,GAI,GAI,GAIL,532155,gailindia,GAI,gailindia,https://www.moneycontrol.com/india/stockpricequote/oildrillingandexploration/gailindia/GAI
151,Galaxy Surfacta,GSL06,GSL06,GALAXYSURF,540935,galaxysurfactantsltd,GSL06,galaxysurfactantsltd,https://www.moneycontrol.com/india/stockpricequote/miscellaneous/galaxysurfactantsltd/GSL06
152,Garden Reach Sh,GRS01,GRS01,GRSE,542011,gardenreachshipbuildersengineers,GRS01,gardenreachshipbuildersengineers,https://www.moneycontrol.com/india/stockpricequote/engineeringheavy/gardenreachshipbuildersengineers/GRS01
153,Garware Technic,GWR,GWR,GARFIBRES,509557,garwaretechnicalfibres,GWR,garwaretechnicalfibres,https://www.moneycontrol.com/india/stockpricequote/textilesgeneral/garwaretechnicalfibres/GWR
154,Gateway Distri,GD01,GD01,GDL,532622,gatewaydistriparks,GD01,gatewaydistriparks,https://www.moneycontrol.com/india/stockpricequote/miscellaneous/gatewaydistriparks/GD01
155,GE Power India,AP29,ABB01,GEPIL,532309,gepowerindia,AP29,gepowerindia,https://www.moneycontrol.com/india/stockpricequote/powertransmissionequipment/gepowerindia/AP29
156,GE Shipping,GES,GES,GESHIP,500620,greateasternshippingcompany,GES,greateasternshippingcompany,https://www.moneycontrol.com/india/stockpricequote/shipping/greateasternshippingcompany/GES
157,General Insuran,GIC12,GIC12,GICRE,540755,generalinsurancecorporationindia,GIC12,generalinsurancecorporationindia,https://www.moneycontrol.com/india/stockpricequote/diversified/generalinsurancecorporationindia/GIC12
158,Gillette India,GI22,ISP,GILLETTE,507815,gilletteindia,GI22,gilletteindia,https://www.moneycontrol.com/india/stockpricequote/personalcare/gilletteindia/GI22
159,GlaxoSmithKline,GSK,GI,GLAXO,500660,glaxosmithklinepharmaceuticals,GSK,glaxosmithklinepharmaceuticals,https://www.moneycontrol.com/india/stockpricequote/pharmaceuticals/glaxosmithklinepharmaceuticals/GSK
160,Glenmark,GP08,GP08,GLENMARK,532296,glenmarkpharma,GP08,glenmarkpharma,https://www.moneycontrol.com/india/stockpricequote/pharmaceuticals/glenmarkpharma/GP08
161,GMM Pfaudler,GMM01,GMM01,GMMPFAUDLR,505255,gmmpfaudler,GMM01,gmmpfaudler,https://www.moneycontrol.com/india/stockpricequote/engineeringheavy/gmmpfaudler/GMM01
162,GMR Infra,GI27,GI27,GMRINFRA,532754,gmrinfrastructure,GI27,gmrinfrastructure,https://www.moneycontrol.com/india/stockpricequote/infrastructuregeneral/gmrinfrastructure/GI27
163,GNFC,GNV,GNV,GNFC,500670,gujaratnarmadavalleyfertilizerschemicals,GNV,gujaratnarmadavalleyfertilizerschemicals,https://www.moneycontrol.com/india/stockpricequote/fertilisers/gujaratnarmadavalleyfertilizerschemicals/GNV
164,Godfrey Phillip,GPI,GPI,GODFRYPHLP,500163,godfreyphillipsindia,GPI,godfreyphillipsindia,https://www.moneycontrol.com/india/stockpricequote/cigarettes/godfreyphillipsindia/GPI
165,Godrej Agrovet,GA03,GA08,GODREJAGRO,540743,godrejagrovet,GA03,godrejagrovet,https://www.moneycontrol.com/india/stockpricequote/miscellaneous/godrejagrovet/GA03
166,Godrej Consumer,GCP,GCP,GODREJCP,532424,godrejconsumerproducts,GCP,godrejconsumerproducts,https://www.moneycontrol.com/india/stockpricequote/personalcare/godrejconsumerproducts/GCP
167,Godrej Ind,GI23,GS,GODREJIND,500164,godrejindustries,GI23,godrejindustries,https://www.moneycontrol.com/india/stockpricequote/personalcare/godrejindustries/GI23
168,Godrej Prop,GP11,GP11,GODREJPROP,533150,godrejproperties,GP11,godrejproperties,https://www.moneycontrol.com/india/stockpricequote/constructioncontractingrealestate/godrejproperties/GP11
169,Granules India,GI25,GI22,GRANULES,532482,granulesindia,GI25,granulesindia,https://www.moneycontrol.com/india/stockpricequote/pharmaceuticals/granulesindia/GI25
170,Graphite India,GI13,GI13,GRAPHITE,509488,graphiteindia,GI13,graphiteindia,https://www.moneycontrol.com/india/stockpricequote/electrodesgraphite/graphiteindia/GI13
171,Grasim,GI01,GI01,GRASIM,500300,grasimindustries,GI01,grasimindustries,https://www.moneycontrol.com/india/stockpricequote/diversified/grasimindustries/GI01
172,Greaves Cotton,GC20,G,GREAVESCOT,501455,greavescotton,GC20,greavescotton,https://www.moneycontrol.com/india/stockpricequote/engines/greavescotton/GC20
173,Grindwell Norto,GN,GN,GRINDWELL,506076,grindwellnorton,GN,grindwellnorton,https://www.moneycontrol.com/india/stockpricequote/abrasives/grindwellnorton/GN
174,GSFC,GSF,GSF,GSFC,500690,gujaratstatefertilizerschemicals,GSF,gujaratstatefertilizerschemicals,https://www.moneycontrol.com/india/stockpricequote/fertilisers/gujaratstatefertilizerschemicals/GSF
175,Guj Alkali,GAC01,GAC01,GUJALKALI,530001,gujaratalkalieschemicals,GAC01,gujaratalkalieschemicals,https://www.moneycontrol.com/india/stockpricequote/chemicals/gujaratalkalieschemicals/GAC01
176,Guj Heavy Chem,GHC,GHC,GHCL,500171,gujaratheavychemicals,GHC,gujaratheavychemicals,https://www.moneycontrol.com/india/stockpricequote/chemicals/gujaratheavychemicals/GHC
177,Guj Mineral,GMD,GMD,GMDCLTD,532181,gujaratmineraldevelopmentcorporation,GMD,gujaratmineraldevelopmentcorporation,https://www.moneycontrol.com/india/stockpricequote/miningminerals/gujaratmineraldevelopmentcorporation/GMD
178,Guj State Petro,GSP02,GSP02,GSPL,532702,gujaratstatepetronet,GSP02,gujaratstatepetronet,https://www.moneycontrol.com/india/stockpricequote/oildrillingandexploration/gujaratstatepetronet/GSP02
179,Gujarat Fluoro,GUJAR54281,GUJAR54281,FLUOROCHEM,542812,gujaratfluorochemicalslimited,GUJAR54281,gujaratfluorochemicalslimited,https://www.moneycontrol.com/india/stockpricequote/chemicals/gujaratfluorochemicalslimited/GUJAR54281
180,Gujarat Gas,GGC,GGC,GUJGASLTD,539336,gujaratgas,GGC,gujaratgas,https://www.moneycontrol.com/india/stockpricequote/oildrillingandexploration/gujaratgas/GGC
181,Gujarat Pipavav,GPP03,GPP03,GPPL,533248,gujaratpipavavport,GPP03,gujaratpipavavport,https://www.moneycontrol.com/india/stockpricequote/shipping/gujaratpipavavport/GPP03
182,Gulf Oil Lubric,GOL01,GOL01,GULFOILLUB,538567,gulfoillubricantsindia,GOL01,gulfoillubricantsindia,https://www.moneycontrol.com/india/stockpricequote/lubricants/gulfoillubricantsindia/GOL01
183,Hathway Cable,HCD,HCD,HATHWAY,533162,hathwaycabledatacom,HCD,hathwaycabledatacom,https://www.moneycontrol.com/india/stockpricequote/mediaentertainment/hathwaycabledatacom/HCD
184,Havells India,HI01,HI01,HAVELLS,517354,havellsindia,HI01,havellsindia,https://www.moneycontrol.com/india/stockpricequote/electricequipment/havellsindia/HI01
185,Hawkins Cooker,HC02,HC02,HAWKINCOOK,508486,hawkinscooker,HC02,hawkinscooker,https://www.moneycontrol.com/india/stockpricequote/domesticappliances/hawkinscooker/HC02
186,HCL Tech,HCL02,HCL02,HCLTECH,532281,hcltechnologies,HCL02,hcltechnologies,https://www.moneycontrol.com/india/stockpricequote/computerssoftware/hcltechnologies/HCL02
187,HDFC,HDF,HDF,HDFC,500010,housingdevelopmentfinancecorporation,HDF,housingdevelopmentfinancecorporation,https://www.moneycontrol.com/india/stockpricequote/financehousing/housingdevelopmentfinancecorporation/HDF
188,HDFC AMC,HAM02,HAM02,HDFCAMC,541729,hdfcassetmanagementcompany,HAM02,hdfcassetmanagementcompany,https://www.moneycontrol.com/india/stockpricequote/financeinvestments/hdfcassetmanagementcompany/HAM02
189,HDFC Bank,HDF01,HDF01,HDFCBANK,500180,hdfcbank,HDF01,hdfcbank,https://www.moneycontrol.com/india/stockpricequote/banksprivatesector/hdfcbank/HDF01
190,HDFC Life,HSL01,HSL01,HDFCLIFE,540777,hdfclifeinsurancecompanylimited,HSL01,hdfclifeinsurancecompanylimited,https://www.moneycontrol.com/india/stockpricequote/miscellaneous/hdfclifeinsurancecompanylimited/HSL01
191,HEG,HEG,HEG,HEG,509631,heg,HEG,heg,https://www.moneycontrol.com/india/stockpricequote/electrodesgraphite/heg/HEG
192,Heidelberg Cem,HCI02,MC14,HEIDELBERG,500292,heidelbergcementindia,HCI02,heidelbergcementindia,https://www.moneycontrol.com/india/stockpricequote/cementmajor/heidelbergcementindia/HCI02
193,Heritage Foods,HFI,HFI,HERITGFOOD,519552,heritagefoods,HFI,heritagefoods,https://www.moneycontrol.com/india/stockpricequote/foodprocessing/heritagefoods/HFI
194,Hero Motocorp,HHM,HHM,HEROMOTOCO,500182,heromotocorp,HHM,heromotocorp,https://www.moneycontrol.com/india/stockpricequote/auto23wheelers/heromotocorp/HHM
195,HFCL,HFC,HFC,HFCL,500183,hfcl,HFC,hfcl,https://www.moneycontrol.com/india/stockpricequote/telecommunicationsequipment/hfcl/HFC
196,Himadri Special,HCI01,HCI01,HSCL,500184,himadrispecialitychemical,HCI01,himadrispecialitychemical,https://www.moneycontrol.com/india/stockpricequote/chemicals/himadrispecialitychemical/HCI01
197,Hind Copper,HC07,HC07,HINDCOPPER,513599,hindustancopper,HC07,hindustancopper,https://www.moneycontrol.com/india/stockpricequote/metalsnonferrous/hindustancopper/HC07
198,Hind Zinc,HZ,HZ,HINDZINC,500188,hindustanzinc,HZ,hindustanzinc,https://www.moneycontrol.com/india/stockpricequote/metalsnonferrous/hindustanzinc/HZ
199,Hindalco,HI,H,HINDALCO,500440,hindalcoindustries,HI,hindalcoindustries,https://www.moneycontrol.com/india/stockpricequote/aluminium/hindalcoindustries/HI
200,Hindustan Aeron,HAL,HAL,HAL,541154,hindustanaeronauticsltd,HAL,hindustanaeronauticsltd,https://www.moneycontrol.com/india/stockpricequote/diversified/hindustanaeronauticsltd/HAL
201,Honeywell Autom,HA04,TH,HONAUT,517174,honeywellautomation,HA04,honeywellautomation,https://www.moneycontrol.com/india/stockpricequote/telecommunicationsequipment/honeywellautomation/HA04
202,HPCL,HPC,HPC,HINDPETRO,500104,hindustanpetroleumcorporation,HPC,hindustanpetroleumcorporation,https://www.moneycontrol.com/india/stockpricequote/refineries/hindustanpetroleumcorporation/HPC
203,HUDCO,HUD,HUD,HUDCO,540530,housingurbandevelopmentcorporation,HUD,housingurbandevelopmentcorporation,https://www.moneycontrol.com/india/stockpricequote/constructioncontractingrealestate/housingurbandevelopmentcorporation/HUD
204,HUL,HU,HL,HINDUNILVR,500696,hindustanunilever,HU,hindustanunilever,https://www.moneycontrol.com/india/stockpricequote/personalcare/hindustanunilever/HU
205,ICICI Bank,ICI02,ICI02,ICICIBANK,532174,icicibank,ICI02,icicibank,https://www.moneycontrol.com/india/stockpricequote/banksprivatesector/icicibank/ICI02
206,ICICI Lombard,ILG,ILG,ICICIGI,540716,icicilombardgeneralinsurancecompany,ILG,icicilombardgeneralinsurancecompany,https://www.moneycontrol.com/india/stockpricequote/diversified/icicilombardgeneralinsurancecompany/ILG
207,ICICI Prudentia,IPL01,IPL01,ICICIPRULI,540133,iciciprudentiallifeinsurancecompany,IPL01,iciciprudentiallifeinsurancecompany,https://www.moneycontrol.com/india/stockpricequote/financegeneral/iciciprudentiallifeinsurancecompany/IPL01
208,ICICI Securitie,ISL04,ISL03,ISEC,541179,icicisecuritiesltd,ISL04,icicisecuritiesltd,https://www.moneycontrol.com/india/stockpricequote/miscellaneous/icicisecuritiesltd/ISL04
209,IDBI Bank,IDB05,IDB,IDBI,500116,idbibank,IDB05,idbibank,https://www.moneycontrol.com/india/stockpricequote/idbibank/idbibank/IDB05
210,IDFC,IDF,IDF,IDFC,532659,idfc,IDF,idfc,https://www.moneycontrol.com/india/stockpricequote/financetermlendinginstitutions/idfc/IDF
211,IDFC First Bank,IDF01,IDF01,IDFCFIRSTB,539437,idfcfirstbank,IDF01,idfcfirstbank,https://www.moneycontrol.com/india/stockpricequote/banksprivatesector/idfcfirstbank/IDF01
212,IEX,IEE,IEE,IEX,540750,indianenergyexchange,IEE,indianenergyexchange,https://www.moneycontrol.com/india/stockpricequote/diversified/indianenergyexchange/IEE
213,IFB Industries,IFB02,IFB02,IFBIND,505726,ifbindustries,IFB02,ifbindustries,https://www.moneycontrol.com/india/stockpricequote/consumergoodswhitegoods/ifbindustries/IFB02
214,IFCI,IFC02,IFC,IFCI,500106,ifci,IFC02,ifci,https://www.moneycontrol.com/india/stockpricequote/financetermlendinginstitutions/ifci/IFC02
215,IGL,IG04,IG04,IGL,532514,indraprasthagas,IG04,indraprasthagas,https://www.moneycontrol.com/india/stockpricequote/oildrillingandexploration/indraprasthagas/IG04
216,IIFL Finance,II15,II15,IIFL,532636,iiflfinance,II15,iiflfinance,https://www.moneycontrol.com/india/stockpricequote/financegeneral/iiflfinance/II15
217,India Cements,IC,IC,INDIACEM,530005,indiacements,IC,indiacements,https://www.moneycontrol.com/india/stockpricequote/cementmajor/indiacements/IC
218,India Tourism D,ITD02,ITD02,ITDC,532189,indiatourismdevelopmentcorporation,ITD02,indiatourismdevelopmentcorporation,https://www.moneycontrol.com/india/stockpricequote/hotels/indiatourismdevelopmentcorporation/ITD02
219,Indiabulls Hsg,IHF01,IHF01,IBULHSGFIN,535789,indiabullshousingfinance,IHF01,indiabullshousingfinance,https://www.moneycontrol.com/india/stockpricequote/financehousing/indiabullshousingfinance/IHF01
220,Indiabulls Real,IRE01,IRE01,IBREALEST,532832,indiabullsrealestate,IRE01,indiabullsrealestate,https://www.moneycontrol.com/india/stockpricequote/constructioncontractingrealestate/indiabullsrealestate/IRE01
221,Indiamart Inter,II12,II22,INDIAMART,542726,indiamartintermesh,II12,indiamartintermesh,https://www.moneycontrol.com/india/stockpricequote/miscellaneous/indiamartintermesh/II12
222,Indian Bank,IB04,IB04,INDIANB,532814,indianbank,IB04,indianbank,https://www.moneycontrol.com/india/stockpricequote/bankspublicsector/indianbank/IB04
223,Indian Hotels,IHC,IHC,INDHOTEL,500850,indianhotelscompany,IHC,indianhotelscompany,https://www.moneycontrol.com/india/stockpricequote/hotels/indianhotelscompany/IHC
224,Indoco Remedies,IR05,IR05,INDOCO,532612,indocoremedies,IR05,indocoremedies,https://www.moneycontrol.com/india/stockpricequote/pharmaceuticals/indocoremedies/IR05
225,Indostar Capita,ICF,ICF01,INDOSTAR,541336,indostarcapitalfinance,ICF,indostarcapitalfinance,https://www.moneycontrol.com/india/stockpricequote/financegeneral/indostarcapitalfinance/ICF
226,INDUS TOWERS,BI14,BI26,INDUSTOWER,534816,industowers,BI14,industowers,https://www.moneycontrol.com/india/stockpricequote/telecommunicationsequipment/industowers/BI14
227,IndusInd Bank,IIB,IIB,INDUSINDBK,532187,indusindbank,IIB,indusindbank,https://www.moneycontrol.com/india/stockpricequote/banksprivatesector/indusindbank/IIB
228,Info Edge,IEI01,IEI01,NAUKRI,532777,infoedgeindia,IEI01,infoedgeindia,https://www.moneycontrol.com/india/stockpricequote/miscellaneous/infoedgeindia/IEI01
229,Infosys,IT,IT,INFY,500209,infosys,IT,infosys,https://www.moneycontrol.com/india/stockpricequote/computerssoftware/infosys/IT
230,INOX Leisure,INO01,INO01,INOXLEISUR,532706,inoxleisure,INO01,inoxleisure,https://www.moneycontrol.com/india/stockpricequote/mediaentertainment/inoxleisure/INO01
231,Interglobe Avi,IA04,IA05,INDIGO,539448,interglobeaviation,IA04,interglobeaviation,https://www.moneycontrol.com/india/stockpricequote/transportlogistics/interglobeaviation/IA04
232,IOB,IOB,IOB,IOB,532388,indianoverseasbank,IOB,indianoverseasbank,https://www.moneycontrol.com/india/stockpricequote/bankspublicsector/indianoverseasbank/IOB
233,IOC,IOC,IOC,IOC,530965,indianoilcorporation,IOC,indianoilcorporation,https://www.moneycontrol.com/india/stockpricequote/refineries/indianoilcorporation/IOC
234,IOL Chemicals,IOL01,TAC01,IOLCP,524164,iolchemicalspharmaceuticals,IOL01,iolchemicalspharmaceuticals,https://www.moneycontrol.com/india/stockpricequote/pharmaceuticals/iolchemicalspharmaceuticals/IOL01
235,Ipca Labs,IL,IL,IPCALAB,524494,ipcalaboratories,IL,ipcalaboratories,https://www.moneycontrol.com/india/stockpricequote/pharmaceuticals/ipcalaboratories/IL
236,IRB Infra,IID01,IID01,IRB,532947,irbinfrastructuredevelopers,IID01,irbinfrastructuredevelopers,https://www.moneycontrol.com/india/stockpricequote/infrastructuregeneral/irbinfrastructuredevelopers/IID01
237,Ircon Internati,II07,II21,IRCON,541956,irconinternational,II07,irconinternational,https://www.moneycontrol.com/india/stockpricequote/engineeringheavy/irconinternational/II07
238,IRCTC,IRC,IRC,IRCTC,542830,irctc-indianrailwaycateringtourismcorp,IRC,irctcindianrailwaycateringtourismcorp,https://www.moneycontrol.com/india/stockpricequote/miscellaneous/irctcindianrailwaycateringtourismcorp/IRC
239,ITC,ITC,ITC,ITC,500875,itc,ITC,itc,https://www.moneycontrol.com/india/stockpricequote/cigarettes/itc/ITC
240,ITI,ITI,ITI,ITI,523610,iti,ITI,iti,https://www.moneycontrol.com/india/stockpricequote/telecommunicationsequipment/iti/ITI
241,IWML,IIFLW54277,IIFLW54277,IIFLWAM,542772,iiflwealthmanagementlimited,IIFLW54277,iiflwealthmanagementlimited,https://www.moneycontrol.com/india/stockpricequote/miscellaneous/iiflwealthmanagementlimited/IIFLW54277
242,J. K. Cement,JKC03,JKC03,JKCEMENT,532644,jkcement,JKC03,jkcement,https://www.moneycontrol.com/india/stockpricequote/cementmajor/jkcement/JKC03
243,JagranPrakashan,JP12,JP12,JAGRAN,532705,jagranprakashan,JP12,jagranprakashan,https://www.moneycontrol.com/india/stockpricequote/mediaentertainment/jagranprakashan/JP12
244,Jai Corp,JC08,JC01,JAICORPLTD,512237,jaicorp,JC08,jaicorp,https://www.moneycontrol.com/india/stockpricequote/steelgpgcsheets/jaicorp/JC08
245,Jamna Auto,JAI,JAI,JAMNAAUTO,520051,jamnaautoindustries,JAI,jamnaautoindustries,https://www.moneycontrol.com/india/stockpricequote/autoancillaries/jamnaautoindustries/JAI
246,JB Chemicals,JBC01,JBC,JBCHEPHARM,506943,jbchemicalspharmaceuticals,JBC01,jbchemicalspharmaceuticals,https://www.moneycontrol.com/india/stockpricequote/pharmaceuticals/jbchemicalspharmaceuticals/JBC01
247,Jindal (Hisar),JSH,JSH,JSLHISAR,539597,jindalstainlesshisar,JSH,jindalstainlesshisar,https://www.moneycontrol.com/india/stockpricequote/steellarge/jindalstainlesshisar/JSH
248,Jindal Saw,JS08,SP09,JINDALSAW,500378,jindalsaw,JS08,jindalsaw,https://www.moneycontrol.com/india/stockpricequote/steeltubespipes/jindalsaw/JS08
249,Jindal Stainles,JSL01,JS07,JSL,532508,jindalstainless,JSL01,jindalstainless,https://www.moneycontrol.com/india/stockpricequote/steelmediumsmall/jindalstainless/JSL01
250,Jindal Steel,JSP,JSP,JINDALSTEL,532286,jindalsteelpower,JSP,jindalsteelpower,https://www.moneycontrol.com/india/stockpricequote/steelspongeiron/jindalsteelpower/JSP
251,JK Bank,JKB,JKB,J&KBANK,532209,jammukashmirbank,JKB,jammukashmirbank,https://www.moneycontrol.com/india/stockpricequote/banksprivatesector/jammukashmirbank/JKB
252,JK Lakshmi Cem,JKL01,JKC,JKLAKSHMI,500380,jklakshmicement,JKL01,jklakshmicement,https://www.moneycontrol.com/india/stockpricequote/cementmajor/jklakshmicement/JKL01
253,JK Paper,JKP01,CPM01,JKPAPER,532162,jkpaper,JKP01,jkpaper,https://www.moneycontrol.com/india/stockpricequote/paper/jkpaper/JKP01
254,JK Tyre & Ind,JKT01,JKI,JKTYRE,530007,jktyreindustries,JKT01,jktyreindustries,https://www.moneycontrol.com/india/stockpricequote/tyres/jktyreindustries/JKT01
255,JM Financial,JMF,JMS,JMFINANCIL,523405,jmfinancial,JMF,jmfinancial,https://www.moneycontrol.com/india/stockpricequote/financeinvestments/jmfinancial/JMF
256,Johnson Control,HHL,AA02,JCHAC,523398,johnsoncontrols-hitachiairconditioningindia,HHL,johnsoncontrolshitachiairconditioningindia,https://www.moneycontrol.com/india/stockpricequote/consumergoodswhitegoods/johnsoncontrolshitachiairconditioningindia/HHL
257,JSW Energy,JE01,JE02,JSWENERGY,533148,jswenergy,JE01,jswenergy,https://www.moneycontrol.com/india/stockpricequote/powergenerationdistribution/jswenergy/JE01
258,JSW Steel,JSW01,JVS,JSWSTEEL,500228,jswsteel,JSW01,jswsteel,https://www.moneycontrol.com/india/stockpricequote/steellarge/jswsteel/JSW01
259,JTEKT India,SKS04,SSS,JTEKTINDIA,520057,jtektindia,SKS04,jtektindia,https://www.moneycontrol.com/india/stockpricequote/autoancillaries/jtektindia/SKS04
260,Jubilant Food,JF04,JF04,JUBLFOOD,533155,jubilantfoodworks,JF04,jubilantfoodworks,https://www.moneycontrol.com/india/stockpricequote/miscellaneous/jubilantfoodworks/JF04
261,Jubilant Life,JO03,VOC,JUBILANT,530019,jubilantlifesciences,JO03,jubilantlifesciences,https://www.moneycontrol.com/india/stockpricequote/pharmaceuticals/jubilantlifesciences/JO03
262,Just Dial,JD,JD02,JUSTDIAL,535648,justdial,JD,justdial,https://www.moneycontrol.com/india/stockpricequote/miscellaneous/justdial/JD
263,Jyothy Labs,JL,JL,JYOTHYLAB,532926,jyothylabs,JL,jyothylabs,https://www.moneycontrol.com/india/stockpricequote/personalcare/jyothylabs/JL
264,Kajaria Ceramic,KC06,KC06,KAJARIACER,500233,kajariaceramics,KC06,kajariaceramics,https://www.moneycontrol.com/india/stockpricequote/ceramicsgranite/kajariaceramics/KC06
265,Kalpataru Power,KPT,KPT,KALPATPOWR,522287,kalpatarupowertransmission,KPT,kalpatarupowertransmission,https://www.moneycontrol.com/india/stockpricequote/powertransmissionequipment/kalpatarupowertransmission/KPT
266,Kansai Nerolac,KNP,GNP,KANSAINER,500165,kansainerolacpaints,KNP,kansainerolacpaints,https://www.moneycontrol.com/india/stockpricequote/paintsvarnishes/kansainerolacpaints/KNP
267,Karnataka Bank,KB04,KB04,KTKBANK,532652,karnatakabank,KB04,karnatakabank,https://www.moneycontrol.com/india/stockpricequote/banksprivatesector/karnatakabank/KB04
268,Kaveri Seed,KSC01,KSC01,KSCL,532899,kaveriseedcompany,KSC01,kaveriseedcompany,https://www.moneycontrol.com/india/stockpricequote/miscellaneous/kaveriseedcompany/KSC01
269,KEC Intl,KEC04,KEC03,KEC,532714,kecinternational,KEC04,kecinternational,https://www.moneycontrol.com/india/stockpricequote/powertransmissionequipment/kecinternational/KEC04
270,KEI Industries,KEI,KEI,KEI,517569,keiindustries,KEI,keiindustries,https://www.moneycontrol.com/india/stockpricequote/cablespowerothers/keiindustries/KEI
271,KNR Construct,KC13,KC13,KNRCON,532942,knrconstructions,KC13,knrconstructions,https://www.moneycontrol.com/india/stockpricequote/constructioncontractingcivil/knrconstructions/KC13
272,Kotak Mahindra,KMB,KMF,KOTAKBANK,500247,kotakmahindrabank,KMB,kotakmahindrabank,https://www.moneycontrol.com/india/stockpricequote/banksprivatesector/kotakmahindrabank/KMB
273,KPIT Tech,KPITT54265,KPITT54265,KPITTECH,542651,kpittechnologies,KPITT54265,kpittechnologies,https://www.moneycontrol.com/india/stockpricequote/kpittech/kpittechnologies/KPITT54265
274,KPR Mill,M15,M09,KPRMILL,532889,kprmill,M15,kprmill,https://www.moneycontrol.com/india/stockpricequote/textilesreadymadeapparels/kprmill/M15
275,KRBL,KRB01,KRB,KRBL,530813,krbl,KRB01,krbl,https://www.moneycontrol.com/india/stockpricequote/foodprocessing/krbl/KRB01
276,KSB Pumps,KSB,KSB,KSB,500249,ksb,KSB,ksb,https://www.moneycontrol.com/india/stockpricequote/pumps/ksb/KSB
277,L&T Finance,LFH,LFH,L&TFH,533519,ltfinanceholdings,LFH,ltfinanceholdings,https://www.moneycontrol.com/india/stockpricequote/financeinvestments/ltfinanceholdings/LFH
278,L&T Infotech,LI12,LI09,LTI,540005,larsentoubroinfotech,LI12,larsentoubroinfotech,https://www.moneycontrol.com/india/stockpricequote/computerssoftware/larsentoubroinfotech/LI12
279,L&T Technology,LTS,LTS,LTTS,540115,lttechnologyservices,LTS,lttechnologyservices,https://www.moneycontrol.com/india/stockpricequote/computerssoftware/lttechnologyservices/LTS
280,La Opala RG,LOR,LOG,LAOPALA,526947,laopalarg,LOR,laopalarg,https://www.moneycontrol.com/india/stockpricequote/glassglassproducts/laopalarg/LOR
281,Lakshmi Machine,LMW,LMW,LAXMIMACH,500252,lakshmimachineworks,LMW,lakshmimachineworks,https://www.moneycontrol.com/india/stockpricequote/textilesmachinery/lakshmimachineworks/LMW
282,Larsen,LT,LT,LT,500510,larsentoubro,LT,larsentoubro,https://www.moneycontrol.com/india/stockpricequote/infrastructuregeneral/larsentoubro/LT
283,Laurus Labs,LL05,LL06,LAURUSLABS,540222,lauruslabs,LL05,lauruslabs,https://www.moneycontrol.com/india/stockpricequote/pharmaceuticals/lauruslabs/LL05
284,Lemon Tree Hote,LTH,LTH,LEMONTREE,541233,lemontreehotelsltd,LTH,lemontreehotelsltd,https://www.moneycontrol.com/india/stockpricequote/hotels/lemontreehotelsltd/LTH
285,LIC Housing Fin,LIC,LIC,LICHSGFIN,500253,lichousingfinance,LIC,lichousingfinance,https://www.moneycontrol.com/india/stockpricequote/financehousing/lichousingfinance/LIC
286,Linde India,BOC,BOC,LINDEINDIA,523457,lindeindia,BOC,lindeindia,https://www.moneycontrol.com/india/stockpricequote/chemicals/lindeindia/BOC
287,Lupin,L,LC03,LUPIN,500257,lupin,L,lupin,https://www.moneycontrol.com/india/stockpricequote/pharmaceuticals/lupin/L
288,Lux Industries,LHI,LHI,LUXIND,539542,luxindustries,LHI,luxindustries,https://www.moneycontrol.com/india/stockpricequote/textilesprocessing/luxindustries/LHI
289,M&M,MM,MM,M&M,500520,mahindramahindra,MM,mahindramahindra,https://www.moneycontrol.com/india/stockpricequote/autocarsjeeps/mahindramahindra/MM
290,Mah Scooters,MS01,MS01,MAHSCOOTER,500266,maharashtrascooters,MS01,maharashtrascooters,https://www.moneycontrol.com/india/stockpricequote/auto23wheelers/maharashtrascooters/MS01
291,Mah Seamless,MS02,MS02,MAHSEAMLES,500265,maharashtraseamless,MS02,maharashtraseamless,https://www.moneycontrol.com/india/stockpricequote/steeltubespipes/maharashtraseamless/MS02
292,Mahanagar Gas,MG02,MG02,MGL,539957,mahanagargas,MG02,mahanagargas,https://www.moneycontrol.com/india/stockpricequote/refineries/mahanagargas/MG02
293,Mahindra CIE,MF19,MAS,MAHINDCIE,532756,mahindracieautomotive,MF19,mahindracieautomotive,https://www.moneycontrol.com/india/stockpricequote/castingsforgings/mahindracieautomotive/MF19
294,Mahindra Holida,MHR,MHR,MHRIL,533088,mahindraholidaysresortsindia,MHR,mahindraholidaysresortsindia,https://www.moneycontrol.com/india/stockpricequote/hotels/mahindraholidaysresortsindia/MHR
295,Mahindra Life,MLD,GC16,MAHLIFE,532313,mahindralifespacedevelopers,MLD,mahindralifespacedevelopers,https://www.moneycontrol.com/india/stockpricequote/constructioncontractingcivil/mahindralifespacedevelopers/MLD
296,Mahindra Logist,ML04,ML12,MAHLOG,540768,mahindralogistics,ML04,mahindralogistics,https://www.moneycontrol.com/india/stockpricequote/diversified/mahindralogistics/ML04
297,Manappuram Fin,MGF01,MGF01,MANAPPURAM,531213,manappuramfinance,MGF01,manappuramfinance,https://www.moneycontrol.com/india/stockpricequote/financeleasinghirepurchase/manappuramfinance/MGF01
298,Marico,M13,MI25,MARICO,531642,marico,M13,marico,https://www.moneycontrol.com/india/stockpricequote/personalcare/marico/M13
299,Maruti Suzuki,MS24,MU01,MARUTI,532500,marutisuzukiindia,MS24,marutisuzukiindia,https://www.moneycontrol.com/india/stockpricequote/autocarsjeeps/marutisuzukiindia/MS24
300,MAS Financial S,MFS09,MFS09,MASFIN,540749,masfinancialservices,MFS09,masfinancialservices,https://www.moneycontrol.com/india/stockpricequote/financegeneral/masfinancialservices/MFS09
301,Max Financial,MI,MI,MFSL,500271,maxfinancialservices,MI,maxfinancialservices,https://www.moneycontrol.com/india/stockpricequote/financeinvestments/maxfinancialservices/MI
302,MCX India,MCE,MCE,MCX,534091,multicommodityexchangeindia,MCE,multicommodityexchangeindia,https://www.moneycontrol.com/india/stockpricequote/miscellaneous/multicommodityexchangeindia/MCE
303,Meghmani Organi,MO04,MO04,MEGH,532865,meghmaniorganics,MO04,meghmaniorganics,https://www.moneycontrol.com/india/stockpricequote/pesticidesagrochemicals/meghmaniorganics/MO04
304,Metropolis,MH06,MH09,METROPOLIS,542650,metropolishealthcare,MH06,metropolishealthcare,https://www.moneycontrol.com/india/stockpricequote/hospitalsmedicalservices/metropolishealthcare/MH06
305,Minda Corp,MC23,MC22,MINDACORP,538962,mindacorporation,MC23,mindacorporation,https://www.moneycontrol.com/india/stockpricequote/autoancillaries/mindacorporation/MC23
306,Minda Ind,MI4,MI44,MINDAIND,532539,mindaindustries,MI4,mindaindustries,https://www.moneycontrol.com/india/stockpricequote/autoancillaries/mindaindustries/MI4
307,Mindtree,MT13,MC20,MINDTREE,532819,mindtree,MT13,mindtree,https://www.moneycontrol.com/india/stockpricequote/computerssoftware/mindtree/MT13
308,Mishra Dhatu Ni,MDN,MDN,MIDHANI,541195,mishradhatunigamltd,MDN,mishradhatunigamltd,https://www.moneycontrol.com/india/stockpricequote/miscellaneous/mishradhatunigamltd/MDN
309,MMTC Ltd,MMT,MMT,MMTC,513377,mmtc,MMT,mmtc,https://www.moneycontrol.com/india/stockpricequote/trading/mmtc/MMT
310,MOIL,M18,M11,MOIL,533286,moil,M18,moil,https://www.moneycontrol.com/india/stockpricequote/miningminerals/moil/M18
311,Motherson Sumi,MSS01,MSS01,MOTHERSUMI,517334,mothersonsumisystems,MSS01,mothersonsumisystems,https://www.moneycontrol.com/india/stockpricequote/autoancillaries/mothersonsumisystems/MSS01
312,Motilal Oswal,MOF01,MOF01,MOTILALOFS,532892,motilaloswalfinancialservices,MOF01,motilaloswalfinancialservices,https://www.moneycontrol.com/india/stockpricequote/financegeneral/motilaloswalfinancialservices/MOF01
313,MphasiS,MB02,BFL,MPHASIS,526299,mphasis,MB02,mphasis,https://www.moneycontrol.com/india/stockpricequote/computerssoftware/mphasis/MB02
314,MRF,MRF,MRF,MRF,500290,mrf,MRF,mrf,https://www.moneycontrol.com/india/stockpricequote/tyres/mrf/MRF
315,MRPL,MRP,MRP,MRPL,500109,mangalorerefinerypetrochemicals,MRP,mangalorerefinerypetrochemicals,https://www.moneycontrol.com/india/stockpricequote/refineries/mangalorerefinerypetrochemicals/MRP
316,Muthoot Finance,MF10,MF19,MUTHOOTFIN,533398,muthootfinance,MF10,muthootfinance,https://www.moneycontrol.com/india/stockpricequote/financeinvestments/muthootfinance/MF10
317,NALCO,NAC,NAC,NATIONALUM,532234,nationalaluminiumcompany,NAC,nationalaluminiumcompany,https://www.moneycontrol.com/india/stockpricequote/aluminium/nationalaluminiumcompany/NAC
318,Narayana Hruda,NH,NH,NH,539551,narayanahrudayalaya,NH,narayanahrudayalaya,https://www.moneycontrol.com/india/stockpricequote/hospitalsmedicalservices/narayanahrudayalaya/NH
319,Natco Pharma,NP07,NP01,NATCOPHARM,524816,natcopharma,NP07,natcopharma,https://www.moneycontrol.com/india/stockpricequote/pharmaceuticals/natcopharma/NP07
320,Nava Bharat Ven,NBV,NBF01,NBVENTURES,513023,navabharatventures,NBV,navabharatventures,https://www.moneycontrol.com/india/stockpricequote/diversified/navabharatventures/NBV
321,Navin Fluorine,NFI,PRC,NAVINFLUOR,532504,navinfluorineinternational,NFI,navinfluorineinternational,https://www.moneycontrol.com/india/stockpricequote/chemicals/navinfluorineinternational/NFI
322,Navneet,NP01,NP,NAVNETEDUL,508989,navneeteducation,NP01,navneeteducation,https://www.moneycontrol.com/india/stockpricequote/printingstationery/navneeteducation/NP01
323,NBCC (India),NBC01,NBC,NBCC,534309,nbccindia,NBC01,nbccindia,https://www.moneycontrol.com/india/stockpricequote/infrastructuregeneral/nbccindia/NBC01
324,NCC,NCC01,NCC01,NCC,500294,ncc,NCC01,ncc,https://www.moneycontrol.com/india/stockpricequote/constructioncontractingcivil/ncc/NCC01
325,NESCO,NES,NSE,NESCO,505355,nesco,NES,nesco,https://www.moneycontrol.com/india/stockpricequote/diversified/nesco/NES
326,Nestle,NI,NI,NESTLEIND,500790,nestleindia,NI,nestleindia,https://www.moneycontrol.com/india/stockpricequote/foodprocessing/nestleindia/NI
327,Network 18,NMI,NF07,NETWORK18,532798,network18mediainvestments,NMI,network18mediainvestments,https://www.moneycontrol.com/india/stockpricequote/mediaentertainment/network18mediainvestments/NMI
328,New India Assur,NIA,NIA,NIACL,540769,newindiaassurancecompany,NIA,newindiaassurancecompany,https://www.moneycontrol.com/india/stockpricequote/miscellaneous/newindiaassurancecompany/NIA
329,NHPC,N07,N07,NHPC,533098,nhpc,N07,nhpc,https://www.moneycontrol.com/india/stockpricequote/powergenerationdistribution/nhpc/N07
330,Nilkamal,NP08,NP08,NILKAMAL,523385,nilkamal,NP08,nilkamal,https://www.moneycontrol.com/india/stockpricequote/plastics/nilkamal/NP08
331,Nippon,RNL,RNL,NAM-INDIA,540767,nipponlifeindiaassetmanagement,RNL,nipponlifeindiaassetmanagement,https://www.moneycontrol.com/india/stockpricequote/miscellaneous/nipponlifeindiaassetmanagement/RNL
332,NLC India,NLC,NLC,NLCINDIA,513683,nlcindia,NLC,nlcindia,https://www.moneycontrol.com/india/stockpricequote/powergenerationdistribution/nlcindia/NLC
333,NMDC,NMD02,NMD01,NMDC,526371,nmdc,NMD02,nmdc,https://www.moneycontrol.com/india/stockpricequote/miningminerals/nmdc/NMD02
334,NOCIL,NOC02,NOC,NOCIL,500730,nocil,NOC02,nocil,https://www.moneycontrol.com/india/stockpricequote/petrochemicals/nocil/NOC02
335,NTPC,NTP,NTP,NTPC,532555,ntpc,NTP,ntpc,https://www.moneycontrol.com/india/stockpricequote/powergenerationdistribution/ntpc/NTP
336,Oberoi Realty,OR,OR,OBEROIRLTY,533273,oberoirealty,OR,oberoirealty,https://www.moneycontrol.com/india/stockpricequote/constructioncontractingrealestate/oberoirealty/OR
337,Oil India,OI13,OI13,OIL,533106,oilindia,OI13,oilindia,https://www.moneycontrol.com/india/stockpricequote/oildrillingandexploration/oilindia/OI13
338,Omaxe,O02,O02,OMAXE,532880,omaxe,O02,omaxe,https://www.moneycontrol.com/india/stockpricequote/constructioncontractingrealestate/omaxe/O02
339,ONGC,ONG,ONG,ONGC,500312,oilnaturalgascorporation,ONG,oilnaturalgascorporation,https://www.moneycontrol.com/india/stockpricequote/oildrillingandexploration/oilnaturalgascorporation/ONG
340,Oracle Fin Serv,OFS01,S11,OFSS,532466,oraclefinancialservicessoftware,OFS01,oraclefinancialservicessoftware,https://www.moneycontrol.com/india/stockpricequote/computerssoftware/oraclefinancialservicessoftware/OFS01
341,Orient Cement,OC10,OC12,ORIENTCEM,535754,orientcement,OC10,orientcement,https://www.moneycontrol.com/india/stockpricequote/cementmajor/orientcement/OC10
342,Orient Refract,OR01,OR01,ORIENTREF,534076,orientrefractories,OR01,orientrefractories,https://www.moneycontrol.com/india/stockpricequote/cementproductsbuildingmaterials/orientrefractories/OR01
343,P and G,PGH,PGI,PGHH,500459,proctergamblehygienehealthcare,PGH,proctergamblehygienehealthcare,https://www.moneycontrol.com/india/stockpricequote/personalcare/proctergamblehygienehealthcare/PGH
344,Page Industries,PI35,PI35,PAGEIND,532827,pageindustries,PI35,pageindustries,https://www.moneycontrol.com/india/stockpricequote/textilesreadymadeapparels/pageindustries/PI35
345,Persistent,PS15,PS15,PERSISTENT,533179,persistentsystems,PS15,persistentsystems,https://www.moneycontrol.com/india/stockpricequote/computerssoftware/persistentsystems/PS15
346,Petronet LNG,PLN,PLN,PETRONET,532522,petronetlng,PLN,petronetlng,https://www.moneycontrol.com/india/stockpricequote/oildrillingandexploration/petronetlng/PLN
347,Pfizer,P,P,PFIZER,500680,pfizer,P,pfizer,https://www.moneycontrol.com/india/stockpricequote/pharmaceuticals/pfizer/P
348,Phillips Carbon,PCB01,PCB01,PHILIPCARB,506590,phillipscarbonblack,PCB01,phillipscarbonblack,https://www.moneycontrol.com/india/stockpricequote/chemicals/phillipscarbonblack/PCB01
349,Phoenix Mills,PM02,PM02,PHOENIXLTD,503100,phoenixmills,PM02,phoenixmills,https://www.moneycontrol.com/india/stockpricequote/constructioncontractingrealestate/phoenixmills/PM02
350,PI Industries,PII,PII,PIIND,523642,piindustries,PII,piindustries,https://www.moneycontrol.com/india/stockpricequote/pesticidesagrochemicals/piindustries/PII
351,Pidilite Ind,PI11,PI11,PIDILITIND,500331,pidiliteindustries,PI11,pidiliteindustries,https://www.moneycontrol.com/india/stockpricequote/chemicals/pidiliteindustries/PI11
352,Piramal Enter,PH05,NP07,PEL,500302,piramalenterprises,PH05,piramalenterprises,https://www.moneycontrol.com/india/stockpricequote/pharmaceuticals/piramalenterprises/PH05
353,PNB,PNB05,PNB05,PNB,532461,punjabnationalbank,PNB05,punjabnationalbank,https://www.moneycontrol.com/india/stockpricequote/bankspublicsector/punjabnationalbank/PNB05
354,PNB Housing Fin,PHF,PHF,PNBHOUSING,540173,pnbhousingfinance,PHF,pnbhousingfinance,https://www.moneycontrol.com/india/stockpricequote/financehousing/pnbhousingfinance/PHF
355,PNC Infratech,PI26,PI29,PNCINFRA,539150,pncinfratech,PI26,pncinfratech,https://www.moneycontrol.com/india/stockpricequote/constructioncontractingrealestate/pncinfratech/PI26
356,Poly Medicure,PM06,PM06,POLYMED,531768,polymedicure,PM06,polymedicure,https://www.moneycontrol.com/india/stockpricequote/hospitalsmedicalservices/polymedicure/PM06
357,Polycab,PI44,PI41,POLYCAB,542652,polycabindia,PI44,polycabindia,https://www.moneycontrol.com/india/stockpricequote/cablespowerothers/polycabindia/PI44
358,Power Finance,PFC02,PFC02,PFC,532810,powerfinancecorporation,PFC02,powerfinancecorporation,https://www.moneycontrol.com/india/stockpricequote/financetermlendinginstitutions/powerfinancecorporation/PFC02
359,Power Grid Corp,PGC,PGC,POWERGRID,532898,powergridcorporationindia,PGC,powergridcorporationindia,https://www.moneycontrol.com/india/stockpricequote/powergenerationdistribution/powergridcorporationindia/PGC
360,Prestige Estate,PEP02,PEP02,PRESTIGE,533274,prestigeestatesprojects,PEP02,prestigeestatesprojects,https://www.moneycontrol.com/india/stockpricequote/constructioncontractingrealestate/prestigeestatesprojects/PEP02
361,Prism Cement,PC,PC,PRSMJOHNSN,500338,prismjohnson,PC,prismjohnson,https://www.moneycontrol.com/india/stockpricequote/cementmajor/prismjohnson/PC
362,Procter&Gamble,M12,EMI,PGHL,500126,proctergamblehealth,M12,proctergamblehealth,https://www.moneycontrol.com/india/stockpricequote/pharmaceuticals/proctergamblehealth/M12
363,PTC India,PTC02,PTC01,PTC,532524,ptcindia,PTC02,ptcindia,https://www.moneycontrol.com/india/stockpricequote/trading/ptcindia/PTC02
364,PVR,PVR,PVR,PVR,532689,pvr,PVR,pvr,https://www.moneycontrol.com/india/stockpricequote/mediaentertainment/pvr/PVR
365,Quess Corp,QC,QC,QUESS,539978,quesscorp,QC,quesscorp,https://www.moneycontrol.com/india/stockpricequote/engineering/quesscorp/QC
366,Radico Khaitan,RK01,RK01,RADICO,532497,radicokhaitan,RK01,radicokhaitan,https://www.moneycontrol.com/india/stockpricequote/breweriesdistilleries/radicokhaitan/RK01
367,Rail Vikas,RVN,RVN,RVNL,542649,railvikasnigam,RVN,railvikasnigam,https://www.moneycontrol.com/india/stockpricequote/miscellaneous/railvikasnigam/RVN
368,Rain Industries,RC12,PC13,RAIN,500339,rainindustries,RC12,rainindustries,https://www.moneycontrol.com/india/stockpricequote/cementmajor/rainindustries/RC12
369,Rajesh Exports,RE07,RE07,RAJESHEXPO,531500,rajeshexports,RE07,rajeshexports,https://www.moneycontrol.com/india/stockpricequote/diamondcuttingjewellerypreciousmetals/rajeshexports/RE07
370,Rallis India,RI03,RI03,RALLIS,500355,rallisindia,RI03,rallisindia,https://www.moneycontrol.com/india/stockpricequote/pesticidesagrochemicals/rallisindia/RI03
371,Ramco Cements,MC,MC,RAMCOCEM,500260,theramcocements,MC,theramcocements,https://www.moneycontrol.com/india/stockpricequote/cementmajor/theramcocements/MC
372,Rashtriya Chem,RCF01,RCF01,RCF,524230,rashtriyachemicalsfertilisers,RCF01,rashtriyachemicalsfertilisers,https://www.moneycontrol.com/india/stockpricequote/fertilisers/rashtriyachemicalsfertilisers/RCF01
373,Ratnamani Metal,RMT,RMT,RATNAMANI,520111,ratnamanimetalstubes,RMT,ratnamanimetalstubes,https://www.moneycontrol.com/india/stockpricequote/steeltubespipes/ratnamanimetalstubes/RMT
374,Raymond,R,R,RAYMOND,500330,raymond,R,raymond,https://www.moneycontrol.com/india/stockpricequote/textileswoollenworsted/raymond/R
375,RBL Bank,RB03,RB02,RBLBANK,540065,rblbank,RB03,rblbank,https://www.moneycontrol.com/india/stockpricequote/banksprivatesector/rblbank/RB03
376,REC,REC02,REC02,RECLTD,532955,rec,REC02,rec,https://www.moneycontrol.com/india/stockpricequote/financetermlendinginstitutions/rec/REC02
377,Redington,RI37,RI37,REDINGTON,532805,redingtonindia,RI37,redingtonindia,https://www.moneycontrol.com/india/stockpricequote/computershardware/redingtonindia/RI37
378,Relaxo Footwear,RF07,RF07,RELAXO,530517,relaxofootwears,RF07,relaxofootwears,https://www.moneycontrol.com/india/stockpricequote/leatherproducts/relaxofootwears/RF07
379,Reliance,RI,RI,RELIANCE,500325,relianceindustries,RI,relianceindustries,https://www.moneycontrol.com/india/stockpricequote/refineries/relianceindustries/RI
380,Responsive Ind,SH10,SH10,RESPONIND,505509,responsiveindustries,SH10,responsiveindustries,https://www.moneycontrol.com/india/stockpricequote/constructioncontractingcivil/responsiveindustries/SH10
381,RITES,R02,R06,RITES,541556,rites,R02,rites,https://www.moneycontrol.com/india/stockpricequote/diversified/rites/R02
382,S H Kelkar,KC17,KC17,SHK,539450,shkelkarcompany,KC17,shkelkarcompany,https://www.moneycontrol.com/india/stockpricequote/chemicals/shkelkarcompany/KC17
383,SAIL,SAI,SAI,SAIL,500113,steelauthorityindia,SAI,steelauthorityindia,https://www.moneycontrol.com/india/stockpricequote/steellarge/steelauthorityindia/SAI
384,Sanofi India,AP26,HMR,SANOFI,500674,sanofiindia,AP26,sanofiindia,https://www.moneycontrol.com/india/stockpricequote/pharmaceuticals/sanofiindia/AP26
385,SBI,SBI,SBI,SBIN,500112,statebankindia,SBI,statebankindia,https://www.moneycontrol.com/india/stockpricequote/bankspublicsector/statebankindia/SBI
386,SBI Life Insura,SLI03,SLI03,SBILIFE,540719,sbilifeinsurancecompany,SLI03,sbilifeinsurancecompany,https://www.moneycontrol.com/india/stockpricequote/diversified/sbilifeinsurancecompany/SLI03
387,Schaeffler Ind,FAG,FPB,SCHAEFFLER,505790,schaefflerindia,FAG,schaefflerindia,https://www.moneycontrol.com/india/stockpricequote/bearings/schaefflerindia/FAG
388,Schneider Infra,SEI04,SEI04,SCHNEIDER,534139,schneiderelectricinfrastructure,SEI04,schneiderelectricinfrastructure,https://www.moneycontrol.com/india/stockpricequote/powergenerationdistribution/schneiderelectricinfrastructure/SEI04
389,Sequent Scienti,PID01,VTF,SEQUENT,512529,sequentscientific,PID01,sequentscientific,https://www.moneycontrol.com/india/stockpricequote/pharmaceuticals/sequentscientific/PID01
390,Sheela Foam,SF14,SF30,SFL,540203,sheelafoam,SF14,sheelafoam,https://www.moneycontrol.com/india/stockpricequote/miscellaneous/sheelafoam/SF14
391,Shilpa,SM19,SA04,SHILPAMED,530549,shilpamedicare,SM19,shilpamedicare,https://www.moneycontrol.com/india/stockpricequote/pharmaceuticals/shilpamedicare/SM19
392,Shipping Corp,SCI,SCI,SCI,523598,shippingcorporationindia,SCI,shippingcorporationindia,https://www.moneycontrol.com/india/stockpricequote/shipping/shippingcorporationindia/SCI
393,Shoppers Stop,SS51,SS51,SHOPERSTOP,532638,shoppersstop,SS51,shoppersstop,https://www.moneycontrol.com/india/stockpricequote/retail/shoppersstop/SS51
394,Shree Cements,SC12,SC12,SHREECEM,500387,shreecements,SC12,shreecements,https://www.moneycontrol.com/india/stockpricequote/cementmajor/shreecements/SC12
395,Shriram City,SCU,SCU,SHRIRAMCIT,532498,shriramcityunionfinance,SCU,shriramcityunionfinance,https://www.moneycontrol.com/india/stockpricequote/financeleasinghirepurchase/shriramcityunionfinance/SCU
396,Shriram Trans,STF,STF,SRTRANSFIN,511218,shriramtransportfinancecorporation,STF,shriramtransportfinancecorporation,https://www.moneycontrol.com/india/stockpricequote/financeleasinghirepurchase/shriramtransportfinancecorporation/STF
397,Siemens,S,S,SIEMENS,500550,siemens,S,siemens,https://www.moneycontrol.com/india/stockpricequote/infrastructuregeneral/siemens/S
398,SIS,SIS08,SIS07,SIS,540673,sis,SIS08,sis,https://www.moneycontrol.com/india/stockpricequote/miscellaneous/sis/SIS08
399,SJVN,S11,S14,SJVN,533206,sjvn,S11,sjvn,https://www.moneycontrol.com/india/stockpricequote/powergenerationdistribution/sjvn/S11
400,SKF India,SKF01,SKF,SKFINDIA,500472,skfindia,SKF01,skfindia,https://www.moneycontrol.com/india/stockpricequote/bearings/skfindia/SKF01
401,Sobha,SD6,SD6,SOBHA,532784,sobha,SD6,sobha,https://www.moneycontrol.com/india/stockpricequote/constructioncontractingrealestate/sobha/SD6
402,Solar Ind,SII04,SE20,SOLARINDS,532725,solarindustriesindia,SII04,solarindustriesindia,https://www.moneycontrol.com/india/stockpricequote/chemicals/solarindustriesindia/SII04
403,Sonata,SS42,SS42,SONATSOFTW,532221,sonatasoftware,SS42,sonatasoftware,https://www.moneycontrol.com/india/stockpricequote/computerssoftwaremediumsmall/sonatasoftware/SS42
404,South Ind Bk,SIB,SIB,SOUTHBANK,532218,southindianbank,SIB,southindianbank,https://www.moneycontrol.com/india/stockpricequote/banksprivatesector/southindianbank/SIB
405,SpiceJet,SJ01,ML04,SPICEJET,500285,spicejet,SJ01,spicejet,https://www.moneycontrol.com/india/stockpricequote/transportlogistics/spicejet/SJ01
406,SRF,SRF,SRF,SRF,503806,srf,SRF,srf,https://www.moneycontrol.com/india/stockpricequote/diversified/srf/SRF
407,Star Cement,SFC02,SFC02,STARCEMENT,540575,starcement,SFC02,starcement,https://www.moneycontrol.com/india/stockpricequote/cementmajor/starcement/SFC02
408,Sterlite Techno,ST20,SO03,STLTECH,532374,sterlitetechnologies,ST20,sterlitetechnologies,https://www.moneycontrol.com/india/stockpricequote/cablestelephone/sterlitetechnologies/ST20
409,Strides Pharma,SA10,SA10,STAR,532531,stridespharmascience,SA10,stridespharmascience,https://www.moneycontrol.com/india/stockpricequote/pharmaceuticals/stridespharmascience/SA10
410,Sudarshan Chem,SCI08,SCI05,SUDARSCHEM,506655,sudarshanchemicalindustries,SCI08,sudarshanchemicalindustries,https://www.moneycontrol.com/india/stockpricequote/dyespigments/sudarshanchemicalindustries/SCI08
411,SUMITOMO,SUMIC54292,SUMIC54292,SUMICHEM,542920,sumitomochemicalindialimite,SUMIC54292,sumitomochemicalindialimite,https://www.moneycontrol.com/india/stockpricequote/sumitomo/sumitomochemicalindialimite/SUMIC54292
412,Sun Pharma,SPI,SPI,SUNPHARMA,524715,sunpharmaceuticalindustries,SPI,sunpharmaceuticalindustries,https://www.moneycontrol.com/india/stockpricequote/pharmaceuticals/sunpharmaceuticalindustries/SPI
413,Sun Pharma Adv,SPA,SPA,SPARC,532872,sunpharmaadvancedresearchcompany,SPA,sunpharmaadvancedresearchcompany,https://www.moneycontrol.com/india/stockpricequote/pharmaceuticals/sunpharmaadvancedresearchcompany/SPA
414,Sun TV Network,STN01,STV01,SUNTV,532733,suntvnetwork,STN01,suntvnetwork,https://www.moneycontrol.com/india/stockpricequote/mediaentertainment/suntvnetwork/STN01
415,Sundram,SF23,SF,SUNDRMFAST,500403,sundramfasteners,SF23,sundramfasteners,https://www.moneycontrol.com/india/stockpricequote/fasteners/sundramfasteners/SF23
416,Sunteck Realty,SR05,IE06,SUNTECK,512179,sunteckrealty,SR05,sunteckrealty,https://www.moneycontrol.com/india/stockpricequote/constructioncontractingrealestate/sunteckrealty/SR05
417,Suprajit Eng,SE15,SE15,SUPRAJIT,532509,suprajitengineering,SE15,suprajitengineering,https://www.moneycontrol.com/india/stockpricequote/autoancillaries/suprajitengineering/SE15
418,Supreme Ind,SI48,SI48,SUPREMEIND,509930,supremeindustries,SI48,supremeindustries,https://www.moneycontrol.com/india/stockpricequote/plastics/supremeindustries/SI48
419,Suzlon Energy,SE17,SE17,SUZLON,532667,suzlonenergy,SE17,suzlonenergy,https://www.moneycontrol.com/india/stockpricequote/powergenerationdistribution/suzlonenergy/SE17
420,Swan Energy,SM09,SM09,SWANENERGY,503310,swanenergy,SM09,swanenergy,https://www.moneycontrol.com/india/stockpricequote/trading/swanenergy/SM09
421,Symphony,SCS04,SCS04,SYMPHONY,517385,symphony,SCS04,symphony,https://www.moneycontrol.com/india/stockpricequote/consumergoodswhitegoods/symphony/SCS04
422,Syngene Intl,SI10,SI62,SYNGENE,539268,syngeneinternational,SI10,syngeneinternational,https://www.moneycontrol.com/india/stockpricequote/miscellaneous/syngeneinternational/SI10
423,Tanla Platforms,TS11,TS11,TANLA,532790,tanlaplatforms,TS11,tanlaplatforms,https://www.moneycontrol.com/india/stockpricequote/computerssoftwaremediumsmall/tanlaplatforms/TS11
424,Tasty Bite,TBE,TBE,TASTYBITE,519091,tastybiteeatables,TBE,tastybiteeatables,https://www.moneycontrol.com/india/stockpricequote/foodprocessing/tastybiteeatables/TBE
425,Tata Chemicals,TC,TC,TATACHEM,500770,tatachemicals,TC,tatachemicals,https://www.moneycontrol.com/india/stockpricequote/chemicals/tatachemicals/TC
426,Tata Coffee,TC14,CC23,TATACOFFEE,532301,tatacoffee,TC14,tatacoffee,https://www.moneycontrol.com/india/stockpricequote/plantationsteacoffee/tatacoffee/TC14
427,Tata Comm,TC17,VSN,TATACOMM,500483,tatacommunications,TC17,tatacommunications,https://www.moneycontrol.com/india/stockpricequote/telecommunicationsservice/tatacommunications/TC17
428,TATA Cons. Prod,TT,TT,TATACONSUM,500800,tataconsumerproducts,TT,tataconsumerproducts,https://www.moneycontrol.com/india/stockpricequote/plantationsteacoffee/tataconsumerproducts/TT
429,Tata Elxsi,TE,TEI,TATAELXSI,500408,tataelxsi,TE,tataelxsi,https://www.moneycontrol.com/india/stockpricequote/computerssoftware/tataelxsi/TE
430,Tata Inv Corp,TIC,TIC,TATAINVEST,501301,tatainvestmentcorporation,TIC,tatainvestmentcorporation,https://www.moneycontrol.com/india/stockpricequote/financeinvestments/tatainvestmentcorporation/TIC
431,Tata Metaliks,TM,TM,TATAMETALI,513434,tatametaliks,TM,tatametaliks,https://www.moneycontrol.com/india/stockpricequote/steelpigiron/tatametaliks/TM
432,Tata Motors,TM03,TEL,TATAMOTORS,500570,tatamotors,TM03,tatamotors,https://www.moneycontrol.com/india/stockpricequote/autolcvshcvs/tatamotors/TM03
433,Tata Power,TPC,TPC,TATAPOWER,500400,tatapowercompany,TPC,tatapowercompany,https://www.moneycontrol.com/india/stockpricequote/powergenerationdistribution/tatapowercompany/TPC
434,Tata Steel,TIS,TIS,TATASTEEL,500470,tatasteel,TIS,tatasteel,https://www.moneycontrol.com/india/stockpricequote/steellarge/tatasteel/TIS
435,TCNS Clothing C,TCC,TCC,TCNSBRANDS,541700,tcnsclothingco,TCC,tcnsclothingco,https://www.moneycontrol.com/india/stockpricequote/textilesgeneral/tcnsclothingco/TCC
436,TCS,TCS,TCS,TCS,532540,tataconsultancyservices,TCS,tataconsultancyservices,https://www.moneycontrol.com/india/stockpricequote/computerssoftware/tataconsultancyservices/TCS
437,TeamLease Ser.,TS13,TS15,TEAMLEASE,539658,teamleaseservices,TS13,teamleaseservices,https://www.moneycontrol.com/india/stockpricequote/miscellaneous/teamleaseservices/TS13
438,Tech Mahindra,TM4,TM4,TECHM,532755,techmahindra,TM4,techmahindra,https://www.moneycontrol.com/india/stockpricequote/computerssoftware/techmahindra/TM4
439,Thermax,T,T,THERMAX,500411,thermax,T,thermax,https://www.moneycontrol.com/india/stockpricequote/infrastructuregeneral/thermax/T
440,Thyrocare Techn,TT16,TT14,THYROCARE,539871,thyrocaretechnologies,TT16,thyrocaretechnologies,https://www.moneycontrol.com/india/stockpricequote/hospitalsmedicalservices/thyrocaretechnologies/TT16
441,Time Techno,TT03,TT08,TIMETECHNO,532856,timetechnoplast,TT03,timetechnoplast,https://www.moneycontrol.com/india/stockpricequote/packaging/timetechnoplast/TT03
442,Timken,TI23,TT04,TIMKEN,522113,timkenindia,TI23,timkenindia,https://www.moneycontrol.com/india/stockpricequote/bearings/timkenindia/TI23
443,Titan Company,TI01,TI01,TITAN,500114,titancompany,TI01,titancompany,https://www.moneycontrol.com/india/stockpricequote/miscellaneous/titancompany/TI01
444,TML-D,TATAM57000,TMD,TATAMTRDVR,570001,tatamotorsltd-dvr,TATAM57000,tatamotorsltddvr,https://www.moneycontrol.com/india/stockpricequote/miscellaneous/tatamotorsltddvr/TATAM57000
445,Torrent Pharma,TP06,TP06,TORNTPHARM,500420,torrentpharmaceuticals,TP06,torrentpharmaceuticals,https://www.moneycontrol.com/india/stockpricequote/pharmaceuticals/torrentpharmaceuticals/TP06
446,Torrent Power,TP14,TP13,TORNTPOWER,532779,torrentpower,TP14,torrentpower,https://www.moneycontrol.com/india/stockpricequote/powergenerationdistribution/torrentpower/TP14
447,Trent,T04,L,TRENT,500251,trent,T04,trent,https://www.moneycontrol.com/india/stockpricequote/retail/trent/T04
448,Trident,AI01,AI01,TRIDENT,521064,trident,AI01,trident,https://www.moneycontrol.com/india/stockpricequote/textilesspinningcottonblended/trident/AI01
449,Triveni Turbine,TT14,TT12,TRITURBINE,533655,triveniturbine,TT14,triveniturbine,https://www.moneycontrol.com/india/stockpricequote/electricequipment/triveniturbine/TT14
450,TTK Prestige,TTK02,TTK02,TTKPRESTIG,517506,ttkprestige,TTK02,ttkprestige,https://www.moneycontrol.com/india/stockpricequote/domesticappliances/ttkprestige/TTK02
451,TV TodayNetwork,TVT,TVT,TVTODAY,532515,tvtodaynetwork,TVT,tvtodaynetwork,https://www.moneycontrol.com/india/stockpricequote/mediaentertainment/tvtodaynetwork/TVT
452,TV18 Broadcast,IBN,GBN,TV18BRDCST,532800,tv18broadcast,IBN,tv18broadcast,https://www.moneycontrol.com/india/stockpricequote/mediaentertainment/tv18broadcast/IBN
453,TVS Motor,TVS,TVS,TVSMOTOR,532343,tvsmotorcompany,TVS,tvsmotorcompany,https://www.moneycontrol.com/india/stockpricequote/auto23wheelers/tvsmotorcompany/TVS
454,TVS Srichakra,TVS03,TVS03,TVSSRICHAK,509243,tvssrichakra,TVS03,tvssrichakra,https://www.moneycontrol.com/india/stockpricequote/tyres/tvssrichakra/TVS03
455,UCO Bank,UCO,UCO,UCOBANK,532505,ucobank,UCO,ucobank,https://www.moneycontrol.com/india/stockpricequote/bankspublicsector/ucobank/UCO
456,Uflex,U01,FI08,UFLEX,500148,uflex,U01,uflex,https://www.moneycontrol.com/india/stockpricequote/packaging/uflex/U01
457,Ujjivan Financi,UFS01,UFS01,UJJIVAN,539874,ujjivanfinancialservices,UFS01,ujjivanfinancialservices,https://www.moneycontrol.com/india/stockpricequote/financegeneral/ujjivanfinancialservices/UFS01
458,UltraTechCement,UTC01,UTC,ULTRACEMCO,532538,ultratechcement,UTC01,ultratechcement,https://www.moneycontrol.com/india/stockpricequote/cementmajor/ultratechcement/UTC01
459,Union Bank,UBI01,UBI01,UNIONBANK,532477,unionbankindia,UBI01,unionbankindia,https://www.moneycontrol.com/india/stockpricequote/bankspublicsector/unionbankindia/UBI01
460,United Brewerie,UB02,UBB,UBL,532478,unitedbreweries,UB02,unitedbreweries,https://www.moneycontrol.com/india/stockpricequote/breweriesdistilleries/unitedbreweries/UB02
461,UPL,UP04,SI10,UPL,512070,upl,UP04,upl,https://www.moneycontrol.com/india/stockpricequote/chemicals/upl/UP04
462,V-Guard Ind,VI02,VI16,VGUARD,532953,v-guardindustries,VI02,vguardindustries,https://www.moneycontrol.com/india/stockpricequote/electricequipment/vguardindustries/VI02
463,V-Mart Retail,VR03,VR03,VMART,534976,v-martretail,VR03,vmartretail,https://www.moneycontrol.com/india/stockpricequote/retail/vmartretail/VR03
464,Vaibhav Global,VG02,VG02,VAIBHAVGBL,532156,vaibhavglobal,VG02,vaibhavglobal,https://www.moneycontrol.com/india/stockpricequote/retail/vaibhavglobal/VG02
465,Vakrangee,VS,VI02,VAKRANGEE,511431,vakrangee,VS,vakrangee,https://www.moneycontrol.com/india/stockpricequote/computerssoftwaremediumsmall/vakrangee/VS
466,Vardhman Text,VT10,MSM,VTL,502986,vardhmantextiles,VT10,vardhmantextiles,https://www.moneycontrol.com/india/stockpricequote/textilesspinningcottonblended/vardhmantextiles/VT10
467,Varroc Engineer,VE08,VE08,VARROC,541578,varrocengineering,VE08,varrocengineering,https://www.moneycontrol.com/india/stockpricequote/engineeringheavy/varrocengineering/VE08
468,Varun Beverages,VB05,VB05,VBL,540180,varunbeverages,VB05,varunbeverages,https://www.moneycontrol.com/india/stockpricequote/foodprocessing/varunbeverages/VB05
469,Vedanta,SG,SG,VEDL,500295,vedanta,SG,vedanta,https://www.moneycontrol.com/india/stockpricequote/miningminerals/vedanta/SG
470,Venkys,V03,WH01,VENKEYS,523261,venkys,V03,venkys,https://www.moneycontrol.com/india/stockpricequote/miscellaneous/venkys/V03
471,Vinati Organics,VO01,VO01,VINATIORGA,524200,vinatiorganics,VO01,vinatiorganics,https://www.moneycontrol.com/india/stockpricequote/chemicals/vinatiorganics/VO01
472,VIP Industries,VIP,VIP,VIPIND,507880,vipindustries,VIP,vipindustries,https://www.moneycontrol.com/india/stockpricequote/vipindustries/vipindustries/VIP
473,Vodafone Idea,IC8,IC8,IDEA,532822,vodafoneidealimited,IC8,vodafoneidealimited,https://www.moneycontrol.com/india/stockpricequote/telecommunicationsservice/vodafoneidealimited/IC8
474,Voltas,V,V,VOLTAS,500575,voltas,V,voltas,https://www.moneycontrol.com/india/stockpricequote/diversified/voltas/V
475,VRL Logistics,VL03,VL08,VRLLOG,539118,vrllogistics,VL03,vrllogistics,https://www.moneycontrol.com/india/stockpricequote/transportlogistics/vrllogistics/VL03
476,VST,VST,VST,VSTIND,509966,vstindustries,VST,vstindustries,https://www.moneycontrol.com/india/stockpricequote/cigarettes/vstindustries/VST
477,WABCO India,WAB,WAB,WABCOINDIA,533023,wabcoindia,WAB,wabcoindia,https://www.moneycontrol.com/india/stockpricequote/autoancillaries/wabcoindia/WAB
478,Welspun Corp,WGS,WGS,WELCORP,532144,welspuncorp,WGS,welspuncorp,https://www.moneycontrol.com/india/stockpricequote/steeltubespipes/welspuncorp/WGS
479,Welspun India,WI03,WI03,WELSPUNIND,514162,welspunindia,WI03,welspunindia,https://www.moneycontrol.com/india/stockpricequote/textilesweaving/welspunindia/WI03
480,Westlife Dev,DIC,DIC,WESTLIFE,505533,westlifedevelopment,DIC,westlifedevelopment,https://www.moneycontrol.com/india/stockpricequote/hotels/westlifedevelopment/DIC
481,Whirlpool,WI,WI,WHIRLPOOL,500238,whirlpoolindia,WI,whirlpoolindia,https://www.moneycontrol.com/india/stockpricequote/consumergoodswhitegoods/whirlpoolindia/WI
482,Wipro,W,W,WIPRO,507685,wipro,W,wipro,https://www.moneycontrol.com/india/stockpricequote/computerssoftware/wipro/W
483,Wockhardt,W05,W05,WOCKPHARMA,532300,wockhardt,W05,wockhardt,https://www.moneycontrol.com/india/stockpricequote/pharmaceuticals/wockhardt/W05
484,Zee Entertain,ZEE,ZT,ZEEL,505537,zeeentertainmententerprises,ZEE,zeeentertainmententerprises,https://www.moneycontrol.com/india/stockpricequote/mediaentertainment/zeeentertainmententerprises/ZEE
485,Zensar Tech,ZT02,FIC,ZENSARTECH,504067,zensartechnologies,ZT02,zensartechnologies,https://www.moneycontrol.com/india/stockpricequote/computerssoftware/zensartechnologies/ZT02
486,Zydus Wellness,ZW01,CNA,ZYDUSWELL,531335,zyduswellness,ZW01,zyduswellness,https://www.moneycontrol.com/india/stockpricequote/vanaspatioils/zyduswellness/ZW01
